--Clear
delete from news_details;
delete from news;

delete from event_location;
delete from event_details;
delete from event;

delete from points_of_interest_images;
delete from points_of_interest_category_details;
delete from points_of_interest_details;
delete from points_of_interest;
delete from points_of_interest_category;

delete from city_phone;
delete from phone_details;
delete from phone;

delete from prayer_details;
delete from prayer;

delete from files;

delete from users;

delete from city;

--City
INSERT INTO city (id,name,version) VALUES('4154d988-03bd-11e6-b512-3e1d05defe78','Kielce',0);

--Szcze
insert into users (id,id_city,role,login,pass,first_name,last_name,address,email,active,last_password_reset,version)
values('9ac1bf56-e499-11e5-9730-9a79f06e9478','4154d988-03bd-11e6-b512-3e1d05defe78','ADMIN','admin','$2a$10$hHJKRM/UV9Ap1RfW3tDYDO6uWCXi/pKNtw1eNdx87wg1MvxQNTBCC','Mateusz','Szczesniak','Skiby 113, 26-060 Checiny','mszczesniak16@gmail.com',true,CURRENT_TIMESTAMP ,0);


--PoI category
insert into POINTS_OF_INTEREST_CATEGORY (id_poi_category, version) values('bea734bc-274c-468e-99d6-b87e6ca315c4', 0);
insert into POINTS_OF_INTEREST_CATEGORY_DETAILS (id_poi_category, language, name) values('bea734bc-274c-468e-99d6-b87e6ca315c4', 'POLISH', 'natura');
insert into POINTS_OF_INTEREST_CATEGORY_DETAILS (id_poi_category, language, name) values('bea734bc-274c-468e-99d6-b87e6ca315c4', 'GERMAN', 'natur');
insert into POINTS_OF_INTEREST_CATEGORY_DETAILS (id_poi_category, language, name) values('bea734bc-274c-468e-99d6-b87e6ca315c4', 'ENGLISH', 'nature');
insert into POINTS_OF_INTEREST_CATEGORY_DETAILS (id_poi_category, language, name) values('bea734bc-274c-468e-99d6-b87e6ca315c4', 'PORTUGUESE', 'natureza');
insert into POINTS_OF_INTEREST_CATEGORY_DETAILS (id_poi_category, language, name) values('bea734bc-274c-468e-99d6-b87e6ca315c4', 'SPANISH', 'naturaleza');
insert into POINTS_OF_INTEREST_CATEGORY_DETAILS (id_poi_category, language, name) values('bea734bc-274c-468e-99d6-b87e6ca315c4', 'FRENCH', 'nature');
insert into POINTS_OF_INTEREST_CATEGORY_DETAILS (id_poi_category, language, name) values('bea734bc-274c-468e-99d6-b87e6ca315c4', 'RUSSIAN', 'природа');

insert into POINTS_OF_INTEREST_CATEGORY (id_poi_category, version) values('2b6836b1-fcbd-4355-9938-16ba34860393', 0);
insert into POINTS_OF_INTEREST_CATEGORY_DETAILS (id_poi_category, language, name) values('2b6836b1-fcbd-4355-9938-16ba34860393', 'POLISH', 'kultura');
insert into POINTS_OF_INTEREST_CATEGORY_DETAILS (id_poi_category, language, name) values('2b6836b1-fcbd-4355-9938-16ba34860393', 'GERMAN', 'kultur');
insert into POINTS_OF_INTEREST_CATEGORY_DETAILS (id_poi_category, language, name) values('2b6836b1-fcbd-4355-9938-16ba34860393', 'ENGLISH', 'culture');
insert into POINTS_OF_INTEREST_CATEGORY_DETAILS (id_poi_category, language, name) values('2b6836b1-fcbd-4355-9938-16ba34860393', 'PORTUGUESE', 'cultura');
insert into POINTS_OF_INTEREST_CATEGORY_DETAILS (id_poi_category, language, name) values('2b6836b1-fcbd-4355-9938-16ba34860393', 'SPANISH', 'cultura');
insert into POINTS_OF_INTEREST_CATEGORY_DETAILS (id_poi_category, language, name) values('2b6836b1-fcbd-4355-9938-16ba34860393', 'FRENCH', 'culture');
insert into POINTS_OF_INTEREST_CATEGORY_DETAILS (id_poi_category, language, name) values('2b6836b1-fcbd-4355-9938-16ba34860393', 'RUSSIAN', 'культура');

insert into POINTS_OF_INTEREST_CATEGORY (id_poi_category, version) values('064f805c-c373-41c1-b681-64cf4c651c5c', 0);
insert into POINTS_OF_INTEREST_CATEGORY_DETAILS (id_poi_category, language, name) values('064f805c-c373-41c1-b681-64cf4c651c5c', 'POLISH', 'zabytki sakralne');
insert into POINTS_OF_INTEREST_CATEGORY_DETAILS (id_poi_category, language, name) values('064f805c-c373-41c1-b681-64cf4c651c5c', 'GERMAN', 'säkulare denkmäler');
insert into POINTS_OF_INTEREST_CATEGORY_DETAILS (id_poi_category, language, name) values('064f805c-c373-41c1-b681-64cf4c651c5c', 'ENGLISH', 'religious monuments');
insert into POINTS_OF_INTEREST_CATEGORY_DETAILS (id_poi_category, language, name) values('064f805c-c373-41c1-b681-64cf4c651c5c', 'PORTUGUESE', 'monumentos religiosos');
insert into POINTS_OF_INTEREST_CATEGORY_DETAILS (id_poi_category, language, name) values('064f805c-c373-41c1-b681-64cf4c651c5c', 'SPANISH', 'monumentos religiosos');
insert into POINTS_OF_INTEREST_CATEGORY_DETAILS (id_poi_category, language, name) values('064f805c-c373-41c1-b681-64cf4c651c5c', 'FRENCH', 'monuments religieux');
insert into POINTS_OF_INTEREST_CATEGORY_DETAILS (id_poi_category, language, name) values('064f805c-c373-41c1-b681-64cf4c651c5c', 'RUSSIAN', 'религиозные памятники');

insert into POINTS_OF_INTEREST_CATEGORY (id_poi_category, version) values('c3851faa-545d-4f98-8a5d-da2f33562993', 0);
insert into POINTS_OF_INTEREST_CATEGORY_DETAILS (id_poi_category, language, name) values('c3851faa-545d-4f98-8a5d-da2f33562993', 'POLISH', 'zabytki świeckie');
insert into POINTS_OF_INTEREST_CATEGORY_DETAILS (id_poi_category, language, name) values('c3851faa-545d-4f98-8a5d-da2f33562993', 'GERMAN', 'säkulare denkmäler');
insert into POINTS_OF_INTEREST_CATEGORY_DETAILS (id_poi_category, language, name) values('c3851faa-545d-4f98-8a5d-da2f33562993', 'ENGLISH', 'secular monuments');
insert into POINTS_OF_INTEREST_CATEGORY_DETAILS (id_poi_category, language, name) values('c3851faa-545d-4f98-8a5d-da2f33562993', 'PORTUGUESE', 'monumentos seculares');
insert into POINTS_OF_INTEREST_CATEGORY_DETAILS (id_poi_category, language, name) values('c3851faa-545d-4f98-8a5d-da2f33562993', 'SPANISH', 'monumentos seculares');
insert into POINTS_OF_INTEREST_CATEGORY_DETAILS (id_poi_category, language, name) values('c3851faa-545d-4f98-8a5d-da2f33562993', 'FRENCH', 'monuments séculaires');
insert into POINTS_OF_INTEREST_CATEGORY_DETAILS (id_poi_category, language, name) values('c3851faa-545d-4f98-8a5d-da2f33562993', 'RUSSIAN', 'светские памятники');

insert into POINTS_OF_INTEREST_CATEGORY (id_poi_category, version) values('3fb4eabb-33e4-4976-9d7d-4ce223aa5a16', 0);
insert into POINTS_OF_INTEREST_CATEGORY_DETAILS (id_poi_category, language, name) values('3fb4eabb-33e4-4976-9d7d-4ce223aa5a16', 'POLISH', 'muzea');
insert into POINTS_OF_INTEREST_CATEGORY_DETAILS (id_poi_category, language, name) values('3fb4eabb-33e4-4976-9d7d-4ce223aa5a16', 'GERMAN', 'museen');
insert into POINTS_OF_INTEREST_CATEGORY_DETAILS (id_poi_category, language, name) values('3fb4eabb-33e4-4976-9d7d-4ce223aa5a16', 'ENGLISH', 'museums');
insert into POINTS_OF_INTEREST_CATEGORY_DETAILS (id_poi_category, language, name) values('3fb4eabb-33e4-4976-9d7d-4ce223aa5a16', 'PORTUGUESE', 'museus');
insert into POINTS_OF_INTEREST_CATEGORY_DETAILS (id_poi_category, language, name) values('3fb4eabb-33e4-4976-9d7d-4ce223aa5a16', 'SPANISH', 'museos');
insert into POINTS_OF_INTEREST_CATEGORY_DETAILS (id_poi_category, language, name) values('3fb4eabb-33e4-4976-9d7d-4ce223aa5a16', 'FRENCH', 'musées');
insert into POINTS_OF_INTEREST_CATEGORY_DETAILS (id_poi_category, language, name) values('3fb4eabb-33e4-4976-9d7d-4ce223aa5a16', 'RUSSIAN', 'музеи');

insert into POINTS_OF_INTEREST_CATEGORY (id_poi_category, version) values('2811d8e1-4938-4b39-84d9-485c738f0308', 0);
insert into POINTS_OF_INTEREST_CATEGORY_DETAILS (id_poi_category, language, name) values('2811d8e1-4938-4b39-84d9-485c738f0308', 'POLISH', 'miejsca');
insert into POINTS_OF_INTEREST_CATEGORY_DETAILS (id_poi_category, language, name) values('2811d8e1-4938-4b39-84d9-485c738f0308', 'GERMAN', 'platz');
insert into POINTS_OF_INTEREST_CATEGORY_DETAILS (id_poi_category, language, name) values('2811d8e1-4938-4b39-84d9-485c738f0308', 'ENGLISH', 'places');
insert into POINTS_OF_INTEREST_CATEGORY_DETAILS (id_poi_category, language, name) values('2811d8e1-4938-4b39-84d9-485c738f0308', 'PORTUGUESE', 'lugar');
insert into POINTS_OF_INTEREST_CATEGORY_DETAILS (id_poi_category, language, name) values('2811d8e1-4938-4b39-84d9-485c738f0308', 'SPANISH', 'lugar');
insert into POINTS_OF_INTEREST_CATEGORY_DETAILS (id_poi_category, language, name) values('2811d8e1-4938-4b39-84d9-485c738f0308', 'FRENCH', 'place');
insert into POINTS_OF_INTEREST_CATEGORY_DETAILS (id_poi_category, language, name) values('2811d8e1-4938-4b39-84d9-485c738f0308', 'RUSSIAN', 'место');

insert into POINTS_OF_INTEREST_CATEGORY (id_poi_category, version) values('0ed762f6-b801-4d64-b0b0-53cf24871c23', 0);
insert into POINTS_OF_INTEREST_CATEGORY_DETAILS (id_poi_category, language, name) values('0ed762f6-b801-4d64-b0b0-53cf24871c23', 'POLISH', 'kościoły');
insert into POINTS_OF_INTEREST_CATEGORY_DETAILS (id_poi_category, language, name) values('0ed762f6-b801-4d64-b0b0-53cf24871c23', 'GERMAN', 'die kirchen');
insert into POINTS_OF_INTEREST_CATEGORY_DETAILS (id_poi_category, language, name) values('0ed762f6-b801-4d64-b0b0-53cf24871c23', 'ENGLISH', 'churches');
insert into POINTS_OF_INTEREST_CATEGORY_DETAILS (id_poi_category, language, name) values('0ed762f6-b801-4d64-b0b0-53cf24871c23', 'PORTUGUESE', 'as igrejas de');
insert into POINTS_OF_INTEREST_CATEGORY_DETAILS (id_poi_category, language, name) values('0ed762f6-b801-4d64-b0b0-53cf24871c23', 'SPANISH', 'las iglesias de');
insert into POINTS_OF_INTEREST_CATEGORY_DETAILS (id_poi_category, language, name) values('0ed762f6-b801-4d64-b0b0-53cf24871c23', 'FRENCH', 'les églises de');
insert into POINTS_OF_INTEREST_CATEGORY_DETAILS (id_poi_category, language, name) values('0ed762f6-b801-4d64-b0b0-53cf24871c23', 'RUSSIAN', 'церкви');


--PoI
insert into POINTS_OF_INTEREST (id_poi, latitude, longitude, category_id, city_id, version) values('b8cf1e1f-2277-48b7-90a6-91b4292cb4cb', 50.8609739, 20.615898, 'bea734bc-274c-468e-99d6-b87e6ca315c4', '4154d988-03bd-11e6-b512-3e1d05defe78', 0);
insert into POINTS_OF_INTEREST_DETAILS (poi_id, language, name, description) values('b8cf1e1f-2277-48b7-90a6-91b4292cb4cb', 'POLISH', 'Kadzielnia', 'Rezerwat utworzony w miejscu dawnego kamieniołomu, w którym znajduje się malowniczo położony wśród skał amfiteatr posiadający największą scenę w Polsce oraz zadaszone trybuny na 5500 miejsc. W rezerwacie ochronie podlegają liczne skamieniałości korali, głowonogów, ryb pancernych oraz ramienionogów. Ponadto zobaczyd tu można ciekawe przykłady różnorodnych zjawisk tektonicznych, mineralizacyjnych i krasowych a wśród nich 26 jaskio. Od 2013 roku funkcjonuje na Kadzielni podziemna trasa turystyczna w połączonych jaskiniach Odkrywców, Prochowni i Szczelinie.');
insert into POINTS_OF_INTEREST_DETAILS (poi_id, language, name, description) values('b8cf1e1f-2277-48b7-90a6-91b4292cb4cb', 'GERMAN', 'Kadzielnia', 'Das Reservat wurde auf dem Grund eines ehemaligen Steinbruchs erschaffen, in dem sich ein malerisch zwischen den Felsen gelegenes Amphitheater befindet. Es ist die größte Bühne in Polen mit über 5500 überdachten Sitzplätzen. Das Reservat bietet Schutz für zahlreiche Korallen-, Kopffüßer-, Brachiopoden- und Armfüßerversteinerungen. Darüber hinaus können Sie hier einige interessante Phänomene im Bereich de Tektonik, Mineralisierung und Verkarstung bestaunen - unter ihnen 26 Höhlen. Seit 2013 gibt es in Kadzielnia eine unterirdische Touristenroute, die die Höhlen Odkrywcy, Prochownia und Szczelina verknüpft.');
insert into POINTS_OF_INTEREST_DETAILS (poi_id, language, name, description) values('b8cf1e1f-2277-48b7-90a6-91b4292cb4cb', 'ENGLISH', 'Kadzielnia', 'Das Reservat wurde auf dem Grund eines ehemaligen Steinbruchs erschaffen, in dem sich ein malerisch zwischen den Felsen gelegenes Amphitheater befindet. Es ist die größte Bühne in Polen mit über 5500 überdachten Sitzplätzen. Das Reservat bietet Schutz für zahlreiche Korallen-, Kopffüßer-, Brachiopoden- und Armfüßerversteinerungen. Darüber hinaus können Sie hier einige interessante Phänomene im Bereich de Tektonik, Mineralisierung und Verkarstung bestaunen - unter ihnen 26 Höhlen. Seit 2013 gibt es in Kadzielnia eine unterirdische Touristenroute, die die Höhlen Odkrywcy, Prochownia und Szczelina verknüpft.');
insert into POINTS_OF_INTEREST_DETAILS (poi_id, language, name, description) values('b8cf1e1f-2277-48b7-90a6-91b4292cb4cb', 'PORTUGUESE', 'Kadzielnia', 'A reserva natural encontra-se no sítio da antigua pedreira.Nela estáo anfiteatro entre rochasque possui o maior palco coberto da Polônia, com 5500 assentos. Na reserva se protege os numerosos fósseis dos corais, dos cefalópodes,dos placodermos e dos braquiópodes. Além disso, se podemver os interessantes e diversos fenômenos tectônicos, de mineralização e de cartificação,entre eles, 26 cavernas. Desde 2013 há uma rota turística subterrânea conectada pelas cavernas Odkrywców, Prochownia e Szczelina.');
insert into POINTS_OF_INTEREST_DETAILS (poi_id, language, name, description) values('b8cf1e1f-2277-48b7-90a6-91b4292cb4cb', 'SPANISH', 'Kadzielnia', 'La reserva creada en el lugar de cantera antigua en cual se encuentra el anfiteatro situado entre las rocas con la más gran escena en Polonia y tribunas techadas con 5500 asientos. En la reserva se encuentran protegidos numerosos fósiles de corales, cefalópodos, placodermos y braquiópodos. Además se pueden ver aquí los ejemplos interesantes de fenómenos tectónicos diversos, minerales y kársticos y entre ellos 26 cuevas. Desde 2013 funciona en Kadzielnia una ruta turística subterránea en las cuevas conectadas de Los Descubridores, Prochownia y Szczelin.');
insert into POINTS_OF_INTEREST_DETAILS (poi_id, language, name, description) values('b8cf1e1f-2277-48b7-90a6-91b4292cb4cb', 'FRENCH', 'Kadzielnia', 'La réserve est une ancienne carrière calcaire où dans un merveilleux décor de roches s’insère un amphithéâtre doté de la plus grande scène en Pologne et de tribunes couvertes de toiture pour 5500 spectateurs. Dans la réserve naturelle sont protégés de nombreux fossiles: coraux, céphalopodes, poissons cuirassés et brachipodes. On peut y trouver aussi de nombreux exemples de divers phénomènes tectoniques, karstiques et de la minéralisation parmi lesquels 25 cavernes. En 2013, a été ouvert aux touristes un itinéraire souterrain reliant les cavernes des «Découvreurs» , de la «Poudrerie» et de la «Fissure».');
insert into POINTS_OF_INTEREST_DETAILS (poi_id, language, name, description) values('b8cf1e1f-2277-48b7-90a6-91b4292cb4cb', 'RUSSIAN', 'Kadzielnia', 'Заповедник создан на месте давней каменоломне, в которой находится красиво расположеный среди скал амфитеатр, имеющий самую большую сцену в Польше с трибунами под крышей на 5500 мест. В заповеднике под охраной находятся многочисленные окаменелости кораллов, головоногих, панцирных рыб и плеченогих. Кроме того можно увидеть интересные прымеры разнородных тектонических, минерализационных и карстовых явлений а среди них 26 пещер. С 2013 года функционирует на Кадзелни подземная туристическая трасса в соединенных пещерах: Odkrywców, Prochowni i Szczelinie.');

insert into POINTS_OF_INTEREST (id_poi, latitude, longitude, category_id, city_id, version) values('32a83a96-0002-4d63-a786-c633380121ac', 50.8861182, 20.5803915, 'bea734bc-274c-468e-99d6-b87e6ca315c4', '4154d988-03bd-11e6-b512-3e1d05defe78', 0);
insert into POINTS_OF_INTEREST_DETAILS (poi_id, language, name, description) values('32a83a96-0002-4d63-a786-c633380121ac', 'POLISH', 'Ślichowice', 'Rezerwat utworzony w celu zachowania odkrywki skalnej przedstawiającej fragment tektoniki hercyoskiej. Zobaczyd tu można ciekawy profil geologiczny z obalonym fałdem skalnym.');
insert into POINTS_OF_INTEREST_DETAILS (poi_id, language, name, description) values('32a83a96-0002-4d63-a786-c633380121ac', 'GERMAN', 'Ślichowice', 'Das Reservat wurde erschaffen um eine Felsnase zu bewahren, die Fragmente der varszichen Tektonik derstellt. Hier können Sie ein interessantes geologisches Profil mittelsteil geneigten Falten sehen.');
insert into POINTS_OF_INTEREST_DETAILS (poi_id, language, name, description) values('32a83a96-0002-4d63-a786-c633380121ac', 'ENGLISH', 'Ślichowice', 'A nature reserve created to proserve an open rock exposure showing a part of Hercinian tectonics. Here you can see an interesting, geological profile with a rocky overfold.');
insert into POINTS_OF_INTEREST_DETAILS (poi_id, language, name, description) values('32a83a96-0002-4d63-a786-c633380121ac', 'PORTUGUESE', 'Ślichowice', 'A reserva foi criada com o objetivo de manter a rocha aberta, que apresenta um fragmento da tectônica hercinica. Pode-se ver um perfil geológico interessante com as dobras, ondecada dobra está por cima da outra.');
insert into POINTS_OF_INTEREST_DETAILS (poi_id, language, name, description) values('32a83a96-0002-4d63-a786-c633380121ac', 'SPANISH', 'Ślichowice', 'La reserva formada para preservar la roca abierta que muestra el fragmento de la tectónica Hercyoska. Se puede ver aquí el perfil geológico interesante con el plegamiento.');
insert into POINTS_OF_INTEREST_DETAILS (poi_id, language, name, description) values('32a83a96-0002-4d63-a786-c633380121ac', 'FRENCH', 'Ślichowice', 'La réserve naturelle créée pour préserver la mine à ciel ouvert avec un fragment de la tectonique hercynienne. On peut y voir un profil géologique intéressant avec un pli rocheux renversé.');
insert into POINTS_OF_INTEREST_DETAILS (poi_id, language, name, description) values('32a83a96-0002-4d63-a786-c633380121ac', 'RUSSIAN', 'Ślichowice', 'Заповедник был создан с целью сохранности горного ущелья, демонстрирующего фрагмент герцинской тектоники. Увидеть здесь можно интересный геологический профиль со свернутыми скальными отложениями.');

insert into POINTS_OF_INTEREST (id_poi, latitude, longitude, category_id, city_id, version) values('3f5eb664-b296-4c93-aa9e-68caf81e8d0d', 50.8861182, 20.5803915, 'bea734bc-274c-468e-99d6-b87e6ca315c4', '4154d988-03bd-11e6-b512-3e1d05defe78', 0);
insert into POINTS_OF_INTEREST_DETAILS (poi_id, language, name, description) values('3f5eb664-b296-4c93-aa9e-68caf81e8d0d', 'POLISH', 'Wietrznia', 'Rezerwat leżący na wschodnim kraocu Pasma Kadzielniaoskiego gdzie w górnodewooskich wapieniach występują liczne szczątki ramienionogów, koralowców, ślimaków, małży, trylobitów, liliowców i ryb pancernych. W obrębie rezerwatu otwarte zostało Centrum Geoedukacji. Miłośnicy geologii mogą tu "poczud - dotknąd - zrozumied" niezwykłą historię Ziemi zapisaną w skałach i skamieniałościach w nich zawartych. Dużą atrakcją jest niezwykła kapsuła - kino 5D, w którym można cofnąd się w czasie i zejśd w głąb Ziemi.');
insert into POINTS_OF_INTEREST_DETAILS (poi_id, language, name, description) values('3f5eb664-b296-4c93-aa9e-68caf81e8d0d', 'GERMAN', 'Geobildungszentrum - Reservat Wietrznia', 'Das Reservat liegt am östlichen Rand des Kadzielniaoski Gebirgszugs, in dem sich Kalksteine aus dem Oberdevon mit zahlreichen überrestem von Brachiopoden, Korallen, Schnecken, Muschelteieren, Trillobiten, Seelilien und Panzerfischen befinden. Innerhalb des Reservates wurde das Geobildungszentrum eröffnet. Geologie-Enthusiasten können hier die außergewöhnliche Geschichte der Erde, die in Gesteinen und ihren Fossilien niedergeschrieben wurde, "fühlen - berühren - und verstehen". Eine groß Attraktion ist die außergewöhnliche 5D Kino-Kapsel, in der Sie eine Reise in die Vergangenheit und unter die Erdoberfläche begehen können.');
insert into POINTS_OF_INTEREST_DETAILS (poi_id, language, name, description) values('3f5eb664-b296-4c93-aa9e-68caf81e8d0d', 'ENGLISH', 'Geo-Educatrion Centre - Wietrznia Nature Reserve', 'A nature reserve located at the eastern edge of the Kadziełniaoskie Mountain Range where numerous remains of brachiopods, corals, bicalves, trilobites, crinois and armoures fish can be found Upper Devonian limestones. There is an open Geo-Education Centre in the reserve available. In the opportunity to "feel-touch-understand" the incredible history of Earth written in found rocks and fossils. A great attraction makes an amazing capsule - 5D cinema where you can go back in time and down into the Earth centre.');
insert into POINTS_OF_INTEREST_DETAILS (poi_id, language, name, description) values('3f5eb664-b296-4c93-aa9e-68caf81e8d0d', 'PORTUGUESE', 'O Centro da Geo-Educação - A Rezerva Wietrznia', 'A reserva está no leste da Cadeia Kadzielniaoska.Nos carcários da época do Devoniano Superior ficam numerosos restos dos braquiópodes, dos corais, dos caracóis, dos mexilhãos, dos trilobitas, das crinoideas e dos placodermos. Nesta reserva há um Centro da Geo-Educação. Nele, os amantes da geologia podem "sentir - tocar - compreender" a história incrível da Terra escrita nas rochas e nos fósseis encontrados. Uma grande atração é a cápsula- o cinema 5D, quese pode retroceder no tempo e descer Terra adentro.');
insert into POINTS_OF_INTEREST_DETAILS (poi_id, language, name, description) values('3f5eb664-b296-4c93-aa9e-68caf81e8d0d', 'SPANISH', 'El centro de geoeducación – El reservado Wietrznia', 'La reserva está situada en la orilla este de la cordillera Kadzielniaoska donde en calizas superiores devónicos se pueden observar numerosos restos de braquiópodos, corales, caracoles, mejillones, trilobites, liliales y placodermos. Dentro de la reserva se abrió el Centro de Geoeducación. Los aficionados de geología pueden aquí “sentir, tocar-entender” la historia extraordinaria de la tierra escrita en las rocas y los fósiles contenidos en ellos. La gran atracción es la cápsula increíble – el cine 5D en cual se puede volver atrás en el tiempo y bajar al fondo de la tierra.');
insert into POINTS_OF_INTEREST_DETAILS (poi_id, language, name, description) values('3f5eb664-b296-4c93-aa9e-68caf81e8d0d', 'FRENCH', 'Centre de géoéducation - Réserve Wietrznia', '-Empty-');
insert into POINTS_OF_INTEREST_DETAILS (poi_id, language, name, description) values('3f5eb664-b296-4c93-aa9e-68caf81e8d0d', 'RUSSIAN', 'Геопарк Кельце', 'Заповедник расположен на восточном краю Кадзельненского гряда где в известняках верхнего девона выступают многочисленные остатки плеченогих, кораллов, улиток, двустворчатых, трилобитов, красодневов и панцирных рыб. В пределе заповедника открыто Центр Гео-обучения. Любители геологии могут здесь «почувствовать - прикоснуться – понять» особую историю Земли записанную в скалах и окаменелостях. Большое развлечение это тоже особая капсула - кино 5D, в котором можно вернуться в прошлое и спуститься в глубины Земли.');

insert into POINTS_OF_INTEREST (id_poi, latitude, longitude, category_id, city_id, version) values('26eadf7d-718d-4a67-b33a-c9eae2c3e093', 50.8444975, 20.5707676, 'bea734bc-274c-468e-99d6-b87e6ca315c4', '4154d988-03bd-11e6-b512-3e1d05defe78', 0);
insert into POINTS_OF_INTEREST_DETAILS (poi_id, language, name, description) values('26eadf7d-718d-4a67-b33a-c9eae2c3e093', 'POLISH', 'Biesak-Białogon', 'Rezerwat otoczony lasem, w którym ochronie podlegają wychodnie skał ordowickich i kambryjskich wykazujące wiele ciekawych zjawisk tektonicznych');
insert into POINTS_OF_INTEREST_DETAILS (poi_id, language, name, description) values('26eadf7d-718d-4a67-b33a-c9eae2c3e093', 'GERMAN', 'Biesak-Białogon', 'Das Reservat ist von einem Wald umgeben, in dem Aufschlüsse aus Ordovizium und Kambrium, die viele interessante tektonische Phänomeneaufzeigen, geschützt sind.');
insert into POINTS_OF_INTEREST_DETAILS (poi_id, language, name, description) values('26eadf7d-718d-4a67-b33a-c9eae2c3e093', 'ENGLISH', 'Biesak-Białogon', 'A nature reserve surrounded by forest where the exposures of Ordovician and Cambrian rocks are protectes, schowing many inteesting, tectonic phenomena.');
insert into POINTS_OF_INTEREST_DETAILS (poi_id, language, name, description) values('26eadf7d-718d-4a67-b33a-c9eae2c3e093', 'PORTUGUESE', 'Biesak-Białogon', 'A reserva está rodeada por um bosque onde se encontram os alforamentos das rochas do Ordoviciano e do Cambiano. Elas são protegidase apresentam muitos fenômenos tectônicos interessantes.');
insert into POINTS_OF_INTEREST_DETAILS (poi_id, language, name, description) values('26eadf7d-718d-4a67-b33a-c9eae2c3e093', 'SPANISH', 'Biesak-Białogon', 'La reserva rodeado de bosque, en cual las rocas ordovicienses y cámbricos son protegidos y demuestran muchos fenómenos técnicos interesantes');
insert into POINTS_OF_INTEREST_DETAILS (poi_id, language, name, description) values('26eadf7d-718d-4a67-b33a-c9eae2c3e093', 'FRENCH', 'Biesak-Białogon', 'La réserve entourée de forêt où sont protégés de très beaux affleurements des roches ordoviciennes et cambriennes représentant des phénomènes tectoniques intéressants.');
insert into POINTS_OF_INTEREST_DETAILS (poi_id, language, name, description) values('26eadf7d-718d-4a67-b33a-c9eae2c3e093', 'RUSSIAN', 'Biesak-Białogon', 'Заповедник окружен лесом, в котором находятся под охраной обнажение ордовикских и кембрийских  скал, проявляющее много интересных тектонических явлений.');

insert into POINTS_OF_INTEREST (id_poi, latitude, longitude, category_id, city_id, version) values('feafe6bf-64df-4d47-8c3a-2dc413ff9031', 50.8681367, 20.6249739, '0ed762f6-b801-4d64-b0b0-53cf24871c23', '4154d988-03bd-11e6-b512-3e1d05defe78', 0);
insert into POINTS_OF_INTEREST_DETAILS (poi_id, language, name, description) values('feafe6bf-64df-4d47-8c3a-2dc413ff9031', 'POLISH', 'Klasztor na Karczówce', 'Pobernardyński klasztor z XVII w. ufundowany przez biskupa Marcina Szyszkowskiego. Usytuowany został na wzgórzu Karczówka, w sercu porośniętego lasem sosnowym rezerwatu krajobrazowego. W kościele uwagę zasługuje kaplica św. Barbary z interesującą barokową rzeźbą patronki górników wykonaną z 1655 r. z bryły galeny – rudy ołowiu.');
insert into POINTS_OF_INTEREST_DETAILS (poi_id, language, name, description) values('feafe6bf-64df-4d47-8c3a-2dc413ff9031', 'GERMAN', 'Kloster Karczówka', 'Bernhardinerkloster aus dem siebzehnten Jahrhundert, gestiftet von Boischof Marcin Szyszkowski. Gelegen auf dem Karczówka Hügel, im Herzen eines vom Piniewald umwachsenen Landschaftsreservats. Ein erwähnenswerter Bereich der Kirche ist die Kapelle der hl. Barbara, mit einer interessanten Barockskalptur der Patronin der Bergluete aus dem Jahr 1644, geformt aus einem Galenit-Klumpen – Bleirz.');
insert into POINTS_OF_INTEREST_DETAILS (poi_id, language, name, description) values('feafe6bf-64df-4d47-8c3a-2dc413ff9031', 'ENGLISH', 'Karczówka Monastery', 'A former Bernardine monastery, founded in the C 17th by Bishop Marcin Szyszkowski. It is located on Karczówka Hill, in the heart of the pine overed landscape reserve. In the chuch St. Barbara’s Chapel with its interesting Baroque sculpture of the miners patron saint is noteworthy, made of galena (lead ore) block in 1644');
insert into POINTS_OF_INTEREST_DETAILS (poi_id, language, name, description) values('feafe6bf-64df-4d47-8c3a-2dc413ff9031', 'PORTUGUESE', 'O Mosteiro de Karczówka', 'O mosteiro bernardino do século XVII, foi fundado pelo bispo Marcin Szyszkowski e está situado nacolina Karczówka, no coraçãoda reserva paisagística com muitos pinhais. Na igreja deve-se prestar atenção na capela da Santa Bárbara, com a escultura barroca da padroeira dos mineirosfeita em 1655 do bloco de galena (minério de chumbo).');
insert into POINTS_OF_INTEREST_DETAILS (poi_id, language, name, description) values('feafe6bf-64df-4d47-8c3a-2dc413ff9031', 'SPANISH', 'El monasterio Karczówka', 'El monasterio anterior de los Bernardos del siglo XVII fue fundado por el obispo Marcin Szyszkowski. Está situado en la colina Karczówka, en  el centro centro del parque paisajístico arbolado de pinos. En la iglesia merece una atención especial la capilla de Santa Bárbara con la escultura barroca interesante de la patrona de los mineros hecha en 1655 de sólido galena-mineral de plomo.');
insert into POINTS_OF_INTEREST_DETAILS (poi_id, language, name, description) values('feafe6bf-64df-4d47-8c3a-2dc413ff9031', 'FRENCH', 'Monastère de Karczówka', 'L’ancien monastère des bernardins du XVIIe siècle fondé par l’évêque Marcin Szyszkowski sis au sommet de la colline Karczówka au coeur d’une réserve paysagère couverte de forêt de pins. Dans l’église l’attention des visiteurs sera attirée par la chapelle de Sainte Barbe avec la sculpture de la patronne des mineurs faite en 1655 en bloc de galène – minérai de plomb.');
insert into POINTS_OF_INTEREST_DETAILS (poi_id, language, name, description) values('feafe6bf-64df-4d47-8c3a-2dc413ff9031', 'RUSSIAN', 'Klasztor na Karczówce', 'Побернардинский монастырь с XVII в. учрежденный епископом Мартыном Шишковским. Он расположен  на холме Карчувка, в самом сердце ландшафтного заповедника, который покрыт сосновым лесом. В костеле стоящая внимания часовня святой Варвары с интересной барочной скульптурой покровительницы горняков, которая была выполнена с 1655 г. из глыбы галенита – свинцовой руды');

insert into POINTS_OF_INTEREST (id_poi, latitude, longitude, category_id, city_id, version) values('68a58cb5-02b2-4e60-bcbb-a8e95f73fad0', 50.8681862, 20.62356, 'c3851faa-545d-4f98-8a5d-da2f33562993', '4154d988-03bd-11e6-b512-3e1d05defe78', 0);
insert into POINTS_OF_INTEREST_DETAILS (poi_id, language, name, description) values('68a58cb5-02b2-4e60-bcbb-a8e95f73fad0', 'POLISH', 'Pałacyk Tomasza Zielińskiego', 'Wydzierżawioną Tomaszowi Zielińskiemu w 1847 r. szkołę końską tzw. „rajtszulę” przekształcono w rezydencję mieszkalną mecenasa sztuk pięknych i miłośnika starożytności. Powstał romantyczny zespól pałacowo-ogrodowy ogrodzony murem z ciekawą basztą tzw. „Plotkarką”. Obecnie mieści się tu Dom Środowisk Twórczych oraz kawiarnia. ');
insert into POINTS_OF_INTEREST_DETAILS (poi_id, language, name, description) values('68a58cb5-02b2-4e60-bcbb-a8e95f73fad0', 'GERMAN', 'Tomasz Zieliński Schlösschen', 'Die an Tomasz Zieliński, im Jahre 1847, vepachtete Pferdeschule (sog. „Reitschule”) wurde zur Residenz des Mäzens der Schönen Künste und Liebhabers der Antike umgebaut. Es entstand ein romantischess Schloss mit Garten, eingezäunt durch eine Mauer mit einer interessantent Bastei, die sog. „Tratscherin”. Heute beherbergt es das Haus der Kreativen Germeinschaften und ein Cafe.');
insert into POINTS_OF_INTEREST_DETAILS (poi_id, language, name, description) values('68a58cb5-02b2-4e60-bcbb-a8e95f73fad0', 'ENGLISH', 'Tomasz Zieliński Residence', 'In 1847 Tomasz Zieliński, a patron of fine arts and lover of antiquity, was leased a horse riding school building and then it tuned into his private residential mansion. A romantic place-garden complex was created, surrounded by a wall with an interesting tower known as Plotkarka (Gossipmonger). Nowadays the building houses a cafe and the Creative Artists Centre.');
insert into POINTS_OF_INTEREST_DETAILS (poi_id, language, name, description) values('68a58cb5-02b2-4e60-bcbb-a8e95f73fad0', 'PORTUGUESE', 'O Palacete do Tomasz Zieliński', 'Em 1847, a escola de equitação transferida a Tomasz Zieliński, patrono da arte e amante da antiguidade, foi convertida à residência privada. Criaram nela um complexo palacete, com jardim no estilo romântico, murado, e com a interessante torre chamada "Plotkarka” (Fofoqueira). Atualmente, se encontra nela a Casa dos Artistas Criativos e uma cafeteria. ');
insert into POINTS_OF_INTEREST_DETAILS (poi_id, language, name, description) values('68a58cb5-02b2-4e60-bcbb-a8e95f73fad0', 'SPANISH', 'Residencia de Tomasz Zieliński', 'En 1847 Tomasz Zieliński, el patrono de artes plásticas y aficionado de antigüedad arrendó la escuela de caballo y la  transformó en una casa residencial Surgió el complexo palacio-jardinero romántico con el bastión interesante llamado Plotkarka(una cotilla). Actualmente aquí está situada la casa de ambiente creativo y la cafetería.');
insert into POINTS_OF_INTEREST_DETAILS (poi_id, language, name, description) values('68a58cb5-02b2-4e60-bcbb-a8e95f73fad0', 'FRENCH', 'Petit Palais de Tomasz Zieliński', 'L’ancienne école d’équitation prise à bail en 1847 par Tomasz Zieliński, mécène des beaux arts et de l’antiquité,  a été transformée par ses soins en résidence. Il fut donc créé une romantique demeure avec un jardin entourée d’un mur avec un donjon dit « Plotkarka»[Cancanière]. A présent, s’y trouvent la Maison des milieux artistiques et le café.');
insert into POINTS_OF_INTEREST_DETAILS (poi_id, language, name, description) values('68a58cb5-02b2-4e60-bcbb-a8e95f73fad0', 'RUSSIAN', 'Pałacyk Tomasza Zielińskiego', 'Арендованную Томашу Зелинскому в 1847 г. лошадиную школу так называемой  „rajtszula” был преобразован в жилую резиденцию мецената искусств и любителя древности. Возник романтический дворцово-садовый комплекс огороженный стеной с интересной башней так называемой  „Башней сплетен”. На сегодняшний день здесь находится Дом Творческих Центров и кафе.');

insert into POINTS_OF_INTEREST (id_poi, latitude, longitude, category_id, city_id, version) values('14cdaa87-3c84-4fa4-892a-edde8667baac', 50.8689905, 20.6251829, '3fb4eabb-33e4-4976-9d7d-4ce223aa5a16', '4154d988-03bd-11e6-b512-3e1d05defe78', 0);
insert into POINTS_OF_INTEREST_DETAILS (poi_id, language, name, description) values('14cdaa87-3c84-4fa4-892a-edde8667baac', 'POLISH', 'Muzeum Narodowe', 'Muzeum Narodowe w Kielcach mieści się w dawnym pałacu biskupów krakowskich ufundowanym przez Jakuba Zadzika w latach 1637-1644. Pałac biskupi jest najlepiej zachowanym obiektem architektonicznym w Polsce z czasów Wazów. Na tyłach rezydencji odtworzono ogród ozdobny, zwany włoskim, z XVII-wiecznym układem kwaterowym. Działające w pałacu Muzeum posiada ekspozycje stałe: Zabytkowe wnętrza z XVII i XVIIIw.; Dawne uzbrojenie europejskie i wschodnie; Sanktuarium Marszałka Józefa Piłsudskiego; Galeria malarstwa polskiego i sztuki zdobniczej (od pocz. XVII w. do lat 50 XX w. – m.in. P.Michałowski, J.Kossak, J.Brandt, J.Chełmoński, J.Malczewski). W 2008 oku Muzeum Narodowe obchodziło 100-lecie swojej działalności.');
insert into POINTS_OF_INTEREST_DETAILS (poi_id, language, name, description) values('14cdaa87-3c84-4fa4-892a-edde8667baac', 'GERMAN', 'Nationalmuseum', 'Das Nationalmuseum in Kielce ist im ehemaligen Palast der Bischöfe von Krakau untergebracht, gestiftet durch Jakub Zadzik in den Jahren 1637-1641. Der Bischfspalast ist das am besten erhaltene architektonische Objekt in Polen aus der Zeit der Wasa. Auf dem Rückseite des Hauses restaurierte man einem Ziergarten, den sog. Italieninschen Garten, mit einem Quartiersystem aus dem siebzehnten Jahrhundert. Das im Palast betriebene Museum hat Dauerausstellungen wie: historische Interieurs des siebzehnten und achtzehnten Jahrhunderts, ehemalige europäische und östliche Ausrüstungen; Heilitgtümer des Marschalls Jóef Piłsudski, Galerie der polnischen Malerei und dekorativen Kunst (Anfang des siebzehnten Jahrhunderts bis in die 50er Jahre des zwanzigsten Jahrhunderts – u.a. P.Michałowski, J.Kossak, J.Brandt, J.Chełmoński, J.Malaczewski). Im Jahr 2008 feierte das Nationalmuseum den 100. Jahestag sejner Tätigkeit.');
insert into POINTS_OF_INTEREST_DETAILS (poi_id, language, name, description) values('14cdaa87-3c84-4fa4-892a-edde8667baac', 'ENGLISH', 'National Museum', 'The National Museum in Kielce is located a former Place of Crarow Bishops, founded by Jakub Zadzik over the petriod 1637 – 1644. The Bishops Place is the best preserved, architecturial monument from the period of the Vasa Dynasty in Poland. In the backyard of the residence a decorative garden in Italian style was restored and establisher ith a C 17 quarter arrangement. The National Museum in the Palace hosts the following permanent exhibitions; Historic European and Eastern Armamentm Marshall Józef Piłsudski Sanctuary, Gallery of Polish Painting and Decorative Art. (from the beginning of the 17th century to the 50’s of the 20th century – among others P. Michałowski, J.Kossak, J. Brandt, J. Chełmoński, J. Malczewski). In 2008 the National Museum celebrated its 100th annivesary.');
insert into POINTS_OF_INTEREST_DETAILS (poi_id, language, name, description) values('14cdaa87-3c84-4fa4-892a-edde8667baac', 'PORTUGUESE', 'O Museu Nacional', 'O Museu Nacional de Kielce se encontra no antigo Palácio dos Bispos de Cracóvia, fundado pelo Jakub Zadzik nos anos 1637-1644. O Palácio dos Bispos é a melhor edificação arquitetônica mantida dos tempos da Dinastia de Vasa, na Polônia. Na parte de trás da residência reproduziram um jardim decorativo no estilo italiano. No Museu que está no Palácio, pode-se ver as exposições permanentes: os interiores históricos dos séculos XVII e XVIII: os armamentos europeus e orientais antigoos, o Santuário do Marechal Józef Piłsudski, a Galeria da pintura polonesa e da arte decorativa (desde o século XVII até os anos 50 do século XX– entre outros de P.Michałowski, J.Kossak, J.Brandt, J.Chełmoński, J.Malczewski). No ano de 2008 o Museu Nacional teve o seu centésimo aniversário.');
insert into POINTS_OF_INTEREST_DETAILS (poi_id, language, name, description) values('14cdaa87-3c84-4fa4-892a-edde8667baac', 'SPANISH', 'El Museo Nacional', 'El Museo Nacional en Kielce está situado en un antiguo palacio de los obispos de Cracovia y fue fundado por Jakub Zadzik en los años 1637-1644. El Palacio de Obispos es el monumento mejor conservado de tiempos de dinastía de los Vasos en Polonia. En la parte trasera de esta residencia el jardín decorativo (llamado italiano), con sistema rotacional, esta reproducido. El Museo Nacional en el palacio ofrece las exposiciones permanentes - los interiores históricos de los siglos XVII y XVIII, armamento antiguo europeo y del este, el santuario de mariscal Józef Piłsudski, galería de arte polaco y arte decorativo (desde el principio del siglo XVII hasta los años cincuenta del siglo XX- entre otros P.Michałowski, J.Kossak, J.Brandt, J.Chełmoński, J.Malczewski).En 2008 el Museo Nacional celebró 100 años de su actividad.');
insert into POINTS_OF_INTEREST_DETAILS (poi_id, language, name, description) values('14cdaa87-3c84-4fa4-892a-edde8667baac', 'FRENCH', 'Musée national', 'Le Musée National se situe dans l’ancien  Palais des Évêques de Cracovie fondé par Jakub Zadzik dans les années 1637-1644. Le palais des évêques est un ouvrage architectural le mieux conservé en Pologne de tous ceux qui furent  édifiés sous le règne des rois Waza. A l’arrière du palais il fut reproduit le jardin en carrés à l’italienne du XVIIe siècle. Le musée situé au palais abrite de nombreuses expositions: intérieurs du XVIIe et XVIIIe siècles; armes anciennes européennes et orientales; sactuaire du maréchal Józef Piłsudski; expositions de peinture et d’arts décoratifs polonais (dès le début du XVIIe siècle jusqu’aux années 50 du XXe siècle – entre autres P. Michałowski, J.Kossak, J. Brandt, J. Chełmoński, J. Malczewski). En 2008, le musée célébra son 100e anniversaire.');
insert into POINTS_OF_INTEREST_DETAILS (poi_id, language, name, description) values('14cdaa87-3c84-4fa4-892a-edde8667baac', 'RUSSIAN', 'Национальный музей', 'Национальный музей в Кельце  находится в бывшем Дворце краковских епископов, учрежденном Якубом Задзиким  в 1637-1644 годах. Дворец  епископов это лучше всего сохранившийся архитектурный объект в Польше со времен рода Васа. На задней части резиденции восстановлен декоративный сад, называемый итальянским, с  XVII-вечной квартирной системой. Действующий в дворце музей  обладает постоянными выставками: Исторические интерьеры с XVII и XVIII вв.; Прежнее европейское и восточное вооружение; Святилище Маршала Юзефа Пилсудского; Галерея польской живописи и декоративного искусства (сначала XVII  в. до 50 г. XX в. - в том числе П.Михаловский, Ю.Коссак, Ю.Брандт, Ю.Хелмоньский, Я.Мальчевский). В 2008 году Национальный Музей праздновало 100-летие своей деятельности.');

insert into POINTS_OF_INTEREST (id_poi, latitude, longitude, category_id, city_id, version) values('a56b31ac-2ee8-47ce-b73c-4f442b9cdab4', 50.8678035, 20.6273059, '3fb4eabb-33e4-4976-9d7d-4ce223aa5a16', '4154d988-03bd-11e6-b512-3e1d05defe78', 0);
insert into POINTS_OF_INTEREST_DETAILS (poi_id, language, name, description) values('a56b31ac-2ee8-47ce-b73c-4f442b9cdab4', 'POLISH', 'Muzeum Lat Szkolnych Stefana Żeromskiego', 'Muzeum Lat Szkolnych Stefana Żeromskiego mieści się w kieleckim gimnazjum, do którego uczęszczał Stefan Żeromski. Ekspozycja obejmuje materiały biograficzne i literaki związane z dzieciństwem pisarza, lata nauki w Kielcach, twórczość pisarską oraz wybrane dziedziny działalności społecznej i niepodległościowej.');
insert into POINTS_OF_INTEREST_DETAILS (poi_id, language, name, description) values('a56b31ac-2ee8-47ce-b73c-4f442b9cdab4', 'GERMAN', 'Museum der Schuljahre von Stefan Żeromski', 'Das Museum befindet sich im Kielcener Gymnasium, das Stefan Żeromski Besuchte. Die Ausstellung umfasst biografische und literarische Materialien im Zusammenhang mit der Kindheit des Schriftstellers, den Ausbildungsjahren in Kielce, der Schaffenskraft und ausgewählten Bereichen der sozialen Aktivität und Unabhängigkeit.');
insert into POINTS_OF_INTEREST_DETAILS (poi_id, language, name, description) values('a56b31ac-2ee8-47ce-b73c-4f442b9cdab4', 'ENGLISH', 'Museum of Stefan Żeromski’s School Years', 'The Museum is located in the Junior High School that Stefan Żeomski used to attend. The permanent exhibition presents biographical and literary materials connected with witer’s childhood, years of his education and selected aspects of his social and independence movement activities.');
insert into POINTS_OF_INTEREST_DETAILS (poi_id, language, name, description) values('a56b31ac-2ee8-47ce-b73c-4f442b9cdab4', 'PORTUGUESE', 'O Museu dos Anos Escolares do Stefan Żeromski', 'O Museu dos Anos Escolares se encontra na escola de Kielce, que estudava o Stefan Żeromski. A exposição abarca os materiais biográficos e literários relacionados à infância do escritor, os anos da aprendizagem em Kielce, as obras literárias e alguns ramos da atividade social relacionados com a independência.');
insert into POINTS_OF_INTEREST_DETAILS (poi_id, language, name, description) values('a56b31ac-2ee8-47ce-b73c-4f442b9cdab4', 'SPANISH', 'El museo de los años escolares de Stefan Żeromski', 'El museo de los años escolares de Stefan Żeromski está situado en la enseñanza secundaria en Kielce en cual Stefan Żeromski era estudiante. La exposición contiene los materiales biográficos y materiales literarios asociados con infancia de escritor, años de su educación en Kielce, su obra y sus actividades seleccionados: sociales e independistas.');
insert into POINTS_OF_INTEREST_DETAILS (poi_id, language, name, description) values('a56b31ac-2ee8-47ce-b73c-4f442b9cdab4', 'FRENCH', 'Musée des années scolaires de l’écrivain Stefan Żeromski', 'Le Musée des années scolaires de l’écrivain Stefan Żeromski se trouve dans le collège que fréquenta Stefan Żeromski. L’exposition embrasse les documents biographiques et les jeux de mots liés à l’enfance de l’écrivain et ses années de scolarité passées à Kielce, ses oeuvres littéraires  ainsi que les témoignages de son activité sociale et indépendantiste.');
insert into POINTS_OF_INTEREST_DETAILS (poi_id, language, name, description) values('a56b31ac-2ee8-47ce-b73c-4f442b9cdab4', 'RUSSIAN', 'Музей школьных лет Стефана Жеромского', 'Музей школьных лет Стефана Жеромского находится в келецкой гимназии, которую посещал Стефан Жеромский. На экспозиции представлены биографические  и литературные материалы, связанные с детством писателя, годами учебы в Кельце, писательское творчество и избранные области общественной и национально-освободительной деятельности.');

insert into POINTS_OF_INTEREST (id_poi, latitude, longitude, category_id, city_id, version) values('fe4f7b9d-26ac-4e1a-8955-3678a15d5169', 50.8681344, 20.6326005, '3fb4eabb-33e4-4976-9d7d-4ce223aa5a16', '4154d988-03bd-11e6-b512-3e1d05defe78', 0);
insert into POINTS_OF_INTEREST_DETAILS (poi_id, language, name, description) values('fe4f7b9d-26ac-4e1a-8955-3678a15d5169', 'POLISH', 'Muzeum Zabawek i Zabawy', 'Jest największym i najstarszym muzeum zabawek w Polsce. Na 631 m2 wystawienniczej prezentowanych jest kilka tysięcy eksponatów. Zwiedzający mogą obejrzeć m.in. lalki z całego świata, zabawki historyczne i ludowe, lalki Barbie, modele samochodów, samolotów, statków, kolejkę elektryczną i marionetki teatralne. Zwiedzanie muzeum dla dzieci jest niezwykłą przygodą. Interaktywne wystawy pozwalają, aby młodzi odkrywcy historii zabawek mogli nie tylko obejrzeć, ale i dotknąć eksponatów.');
insert into POINTS_OF_INTEREST_DETAILS (poi_id, language, name, description) values('fe4f7b9d-26ac-4e1a-8955-3678a15d5169', 'GERMAN', 'Spielzeug-und Spielmuseum', 'Es ist das größte und älteste Spielzeugmuseum in Polen. Die 631 m2 große Ausstellungsfläche präsentiert ein paar Tausend Exponate. Besucher können u.a. Puppen aus der ganzen Welt, historisches und volkstümlisches Spielzeug, Barbiepuppen, Modellautos, -flugzeuge und -schiffe, elekstrische Eisenbahnen und Theterpuppen bestaunen. Für Kinder ist der Besuch des Museums ein außergewöhnlliches Abenteuer. Interaktive Ausstellungen ermöglichen den jungen Forschern der Spielzeuggeschichte die Exponate nicht nur anzusehen, sondern auch zu berühren. ');
insert into POINTS_OF_INTEREST_DETAILS (poi_id, language, name, description) values('fe4f7b9d-26ac-4e1a-8955-3678a15d5169', 'ENGLISH', 'Museum of Toys and Play', 'It is the largest and oldest toy museum in Poland. Seveal thousand exhibits are shown in the exhibition area of 631 m2. Its visitors have the opportunity to see dollls from all over the world, historical and folk toys, Barbie dolls, model cars, airplanes, ships, trains and theater puppets. A visit to the museum wil be an extraordinary adventure for children. Interactive displays let young explorers of history see as well as touch the exhibits.');
insert into POINTS_OF_INTEREST_DETAILS (poi_id, language, name, description) values('fe4f7b9d-26ac-4e1a-8955-3678a15d5169', 'PORTUGUESE', 'O Museu dos Brinquedos e do Jogo', 'Este é o maiore mais velho museu dos brinquedos da Polônia. Há milhares de objetos expostos em 631 m2. Os visitantespodem ver, entre outros, os bonecos de todo o mundo, os brinquedos históricos e folclóricos, os bonecos da Barbie, os modelos dos carros, dos aviões, dos barcos, dos trens e das marionetes teatrais. A visita no museu é uma aventura excepcional para os meninos. Nas exposições interativas é permitido ver e também tocar os objetos expostos.');
insert into POINTS_OF_INTEREST_DETAILS (poi_id, language, name, description) values('fe4f7b9d-26ac-4e1a-8955-3678a15d5169', 'SPANISH', 'El museo de juego y juguetes', 'Es el más grande y el más antiguo museo de juguetes en Polonia. Algunos miles objetos expuestos están mostrados en la exposición de 631 metros cuadrados. Los visitantes pueden ver entre otros las muñecas de todas partes del mundo, los juguetes históricos y folclóricos, las muñecas Barbie, los modelos de coches, aviones, barcos, trenes eléctricos y marionetas teatrales. La visita del museo es para niños una aventura increíble. Las exposiciones interactivas permiten a los jóvenes descubridores de la historia de juguetes no solo ver, pero también tocar los objetos expuestos.');
insert into POINTS_OF_INTEREST_DETAILS (poi_id, language, name, description) values('fe4f7b9d-26ac-4e1a-8955-3678a15d5169', 'FRENCH', 'Musée de Jouets et de Jeu ', 'C’est le plus grand et le plus ancien musée de ce type en Pologne. Sur la surface de 631 m² sont exposées quelques mille pièces. Les visiteurs pourront y voir des poupées de tous les coins du monde, des jouets anciens et populaires, des poupées Barbie, des modèles d’autos, d’avions et de navires, un train électrique et des guignols. La visite du musée est toujours une grande aventure pour les enfants. Les expositions interactives permettent aux jeunes découvreurs de l’histoire du jouet non seulement de regarder les jouets mais aussi de les toucher.');
insert into POINTS_OF_INTEREST_DETAILS (poi_id, language, name, description) values('fe4f7b9d-26ac-4e1a-8955-3678a15d5169', 'RUSSIAN', 'Muzeum Zabawek i Zabawy', 'Это самый большой и самый старый музей игрушек в Польше. На 631 м2 выставочной  площади представлено несколько тысяч экспонатов. Посетители могут увидеть среди них куклы со всего мира, исторические и народные игрушки, куклы Барби, модели машин, самолетов, кораблей, электропоезда и театральные марионетки. Для детей посещение музея  это необычайное приключение. Интерактивные выставки позволят, чтобы молодые исследователи истории игрушек могли не только не только увидеть, но и прикоснуться к  экспонатам.');

insert into POINTS_OF_INTEREST (id_poi, latitude, longitude, category_id, city_id, version) values('50e0f6ff-1daa-471c-ae8b-d13c6b7104e6', 50.86849, 20.6225325, 'bea734bc-274c-468e-99d6-b87e6ca315c4', '4154d988-03bd-11e6-b512-3e1d05defe78', 0);
insert into POINTS_OF_INTEREST_DETAILS (poi_id, language, name, description) values('50e0f6ff-1daa-471c-ae8b-d13c6b7104e6', 'POLISH', 'Park Miejski im. Stanisława Staszica', 'Powstał w 1830 r. na bazie ogrodu Dyrekcji Górniczej przekazanego miastu na użytek publiczny. W roku 1906 postawiono w nim pomnik Stanisława Staszica a  1922 r. park otrzymał jego imię. Park i lokalizowana obok stawu muszla koncertowa jest częstym miejscem organizowanych w Kielcach imprez kulturalnych, rekreacyjnych i sportowych. ');
insert into POINTS_OF_INTEREST_DETAILS (poi_id, language, name, description) values('50e0f6ff-1daa-471c-ae8b-d13c6b7104e6', 'GERMAN', 'Stanisław Sztaszic Stadpark', 'Der Stadpark wurde 1830 auf der Grundlage des Gartens de Direktion für Bergbau aufgebaut, der Stadt übergeben und der öffentlichkeit zur Nutzung gestellt. Im Jahr 1906 wurde dort das Denkmal des Stanisław Staszic errichtet und so erhielt der Park im Jahre 1922 seinen Namen. Der Park und die Konzertmuschel, die sich neben dem Teich befindet, ist eine Stelle in Kiele, an der oft Kultur-, Freizeit-und Sportaktiviäten organisiert werden.');
insert into POINTS_OF_INTEREST_DETAILS (poi_id, language, name, description) values('50e0f6ff-1daa-471c-ae8b-d13c6b7104e6', 'ENGLISH', 'Stanisław Staszic City Park', 'It was established in 1830, on the basis of the Mining Directorate garden which they transferred to the city for public use. In 1906  monument of Stanisław Staszic was set up in the park and in 1922 the park was named after him. The park and shell are located next to the pond and make the place where cultural, recreational and sports events are often organised in Kielce.');
insert into POINTS_OF_INTEREST_DETAILS (poi_id, language, name, description) values('50e0f6ff-1daa-471c-ae8b-d13c6b7104e6', 'PORTUGUESE', 'O Parque Cidadão de Stanisław Staszic', 'Foi criado em 1830na base do jardim da Direção Mineira, transpassado para uso público.  Em 1906 foi levantado o monumento do Stanisław Staszic, e em 1922 o parque foi nomeado com o seu nome.São organizadas muitas festas culturais, recreativas e esportivas neste parque e na concha acústica, que fica perto do lago.');
insert into POINTS_OF_INTEREST_DETAILS (poi_id, language, name, description) values('50e0f6ff-1daa-471c-ae8b-d13c6b7104e6', 'SPANISH', 'El parque público de Stanisław Staszic', 'Surgió en 1830 a base de jardín de la dirección minería y fue fransferido  a la ciudad para uso público. En 1906 erigió el monumento de Stanisław Staszic y en 1922 el parque recibió su nombre. El parque y la escena de conciertos (que tiene la forma de una concha) son los lugares dónde se organizan  a menudo los eventos culturales, recreativos y deportivos en Kielce.');
insert into POINTS_OF_INTEREST_DETAILS (poi_id, language, name, description) values('50e0f6ff-1daa-471c-ae8b-d13c6b7104e6', 'FRENCH', 'Parc municipal Stanisław Staszic', 'Il fut créé en 1830 sur le terain d’un ancien jardin de la Direction des mines offert à la ville à l’usage public. En 1906 il y fut posé le monument de Stanisław Staszic et en 1922 le parc a reçu son nom. Le parc ainsi que le kiosque à musique situé près de l’étang c’est un lieu où sont organisés souvent les évènements culturels, sportifs et récréatifs');
insert into POINTS_OF_INTEREST_DETAILS (poi_id, language, name, description) values('50e0f6ff-1daa-471c-ae8b-d13c6b7104e6', 'RUSSIAN', 'Park Miejski im. Stanisława Staszica', 'Он был создан в 1830 году на базе сада Горной Дирекции переданного городу на пользование  общественности. В году 1906 возведено в нем памятник Станиславу Сташицу а  1922 г. парк получил его имя. Парк и локализуемая возле пруда концертная раковина это часто место для  организуемых в Кельце культурных, рекреационных и спортивных мероприятий. ');

insert into POINTS_OF_INTEREST (id_poi, latitude, longitude, category_id, city_id, version) values('d8a63405-a3f2-4dfc-85f2-f7c39accd06f', 50.4564743, 20.7196566, '2811d8e1-4938-4b39-84d9-485c738f0308', '4154d988-03bd-11e6-b512-3e1d05defe78', 0);
insert into POINTS_OF_INTEREST_DETAILS (poi_id, language, name, description) values('d8a63405-a3f2-4dfc-85f2-f7c39accd06f', 'POLISH', 'Uzdrowisko Busko-Zdrój', 'Uzdrowisko Busko-Zdrój swą sławę zawdzięcza bogatym zasobom wód siarczkowych i jodkowo-bromkowych. Już blisko dwa wieki stanowi centrum leczenia chorób układu krążenia, narządu ruchu czy chorób skóry. Wraz z rosnącą popularnością usług typu wellness i spa uzdrowisko Busko-Zdrój rozszerzyło zakres świadczonych usług oferując różnorodne nowoczesne zabiegi poprawiające urodę i dbające o piękną sylwetkę. ');
insert into POINTS_OF_INTEREST_DETAILS (poi_id, language, name, description) values('d8a63405-a3f2-4dfc-85f2-f7c39accd06f', 'GERMAN', 'Kurort Busko-Zdrój', 'Der Kurort Busko-Zdrój vedankt seinen Ruf den Wasserressourcen, reich an Sulfid und Jodid-Bromid. Seit fast zwei Jahrhunderten ist ed ein Behandlungszentrum für Herz-Kreislauf-, Bewegungsapparatund Hauterkrankungen. Mit der waschenden Popularität von Wellness und Spa Resorts erweiterte Busko-Zdrój seine Palette von Dienstleistungen und bietet nun eine Vielzahl modenster Beauty-Behandlungen an und kümmert sich um eine schöne Sillhouette.');
insert into POINTS_OF_INTEREST_DETAILS (poi_id, language, name, description) values('d8a63405-a3f2-4dfc-85f2-f7c39accd06f', 'ENGLISH', 'Health Resort Busko-Zdrój', 'The Health Resort Busko-Zdrój is famous for its rich resources of sulphide and iodide-bromide waters. For nearly two centuries it has been the treatment centre of cardiovascular, musculoskeletal and skin diseases. With the growing popularity of wellness and spa services, the Resort Busko-Zdrój has expanded its range of serveces, offering a variety of modern beauty and fitness treatments.');
insert into POINTS_OF_INTEREST_DETAILS (poi_id, language, name, description) values('d8a63405-a3f2-4dfc-85f2-f7c39accd06f', 'PORTUGUESE', 'O Balneário Busko-Zdrój', 'O Balneário é famoso pelos ricos recursos das águas com sulfeto e iodeto-brometo. Há dois séculos existe nele o centro do tratamento das doenças cardiovasculares, do aparelho locomotor e doenças de pele. Com a crescente popularidade dos serviços de bem-estar e spa, o Balneário Busko-Zdrój ampliou a gama de serviços, oferecendo diversos tratamentos modernos que melhoram a beleza e cuidam da silhueta.');
insert into POINTS_OF_INTEREST_DETAILS (poi_id, language, name, description) values('d8a63405-a3f2-4dfc-85f2-f7c39accd06f', 'SPANISH', 'El balneario Busko-Zdrój', 'El balneario Busko-Zdrój es famoso por sus recursos hídricos yodurno-bromuros.Casi dos centurias es el centro de tratamientos de las enfermedades cardiovasculares, musculo esquelético o las enfermedades de la piel. Con la popularidad creciente de los servicios como wellness y spa el balneario Busko-Zdrój amplió una gama de los servicios y tienen en la oferta los tratamientos que sirven para mejorar la belleza y cuidar de silueta bella. ');
insert into POINTS_OF_INTEREST_DETAILS (poi_id, language, name, description) values('d8a63405-a3f2-4dfc-85f2-f7c39accd06f', 'FRENCH', 'Station thermale Busko – Zdrój ', 'La station thermale Busko – Zdrój doit sa notoriété aux ressources riches en eaux sulfureuses et iodo-bromées. Depuis près des deux siècles la station thermale est un centre de traitement des maladies de l’appareil circulatoire, de l’appareil locomoteur et de la peau. Comme la demande des services de type wellness et spa ne cesse d’augmenter , la station thermale Busko-Zdrój a élargi le spectre de ses services en proposant de nombreux soins modernes qui visent à améliorer la beauté et assurer la silhouette svelte');
insert into POINTS_OF_INTEREST_DETAILS (poi_id, language, name, description) values('d8a63405-a3f2-4dfc-85f2-f7c39accd06f', 'RUSSIAN', 'Uzdrowisko Busko-Zdrój', 'Курорт Буско-Здруй своей славой обязан богатыму  ресурсу  сульфидных  и йодисто-бромистых вод. Уже почти два века он является центром лечения заболеваний кровеносной системы, опорно-двигательного аппарата  или болезней кожи. С ростом популярности услуг типа велнес  и спа курорт Буско-Здруй  расширил спектр предоставляемых  услуг предлагая разнообразные современные процедуры улучшающее красоту и заботящиеся о красивом силуэте');

insert into POINTS_OF_INTEREST (id_poi, latitude, longitude, category_id, city_id, version) values('084f0339-91a6-4a38-ad9f-fde0aed694b2', 50.3636057, 20.8812424, '2811d8e1-4938-4b39-84d9-485c738f0308', '4154d988-03bd-11e6-b512-3e1d05defe78', 0);
insert into POINTS_OF_INTEREST_DETAILS (poi_id, language, name, description) values('084f0339-91a6-4a38-ad9f-fde0aed694b2', 'POLISH', 'Uzdrowisko Solec-Zdrój', 'Naturalne bogactwa wód leczniczych oraz uzdrawiający mikroklimat już od wielu wieków przyciąga kuracjuszy z całej Polski i z zagranicy, pragnących aktywnie zadbać o zdrowie, zregenerować swoje siły. Leczy się tu choroby narządu ruchu i reumetyczne, jak również choroby skóry i alergie. W pobliżu uzdrowiska w wyniku przeprowadzonych badań geologicznych natrafiono na solankę o zawartości siarkowodowu 8-krotnie większej niż dotychczas eksploatowanych źródłach. Jest to unikalne ujęcie wód mineralnych tego typu na świecie.');
insert into POINTS_OF_INTEREST_DETAILS (poi_id, language, name, description) values('084f0339-91a6-4a38-ad9f-fde0aed694b2', 'GERMAN', 'Kurort Solec-Zdrój', 'Shon seit vielen Jahrhunderten zieht der natürliche Reichtum an Heilwasser und das heilende Mikroklima Besucher aus ganz Polen und aus dem Ausland an, die sich aktiv um ihre Gesundheit kümmern und wieder zu Kräften kommen möchten. Hier behandelt man Krankheiten wie die des Bewegungsapparated und Rheumatismus sowie Hauterkrankungen und Allergien. In der Nähe des Kurorts, infolge von dort durchgeführten geologischen Studien, stieß man auf eine Salzsole mit einem 8-fach höheren Schwefelwasserstoffgehalt als in den bisherigen Quellen entnommen wurde. Dies ist eine einzigartige Beschreibung von solch einem Mineralwasser auf der Welt');
insert into POINTS_OF_INTEREST_DETAILS (poi_id, language, name, description) values('084f0339-91a6-4a38-ad9f-fde0aed694b2', 'ENGLISH', 'Health Resort Solec-Zdrój', 'For centuries the natural resources of curative waters and healing microclimate have attracted visitors from throughout Poland and abroad who acvtively want to take care of their health and regain vital energy. Disease of the musculoskeletal system and rheumatism ae treated here as well as skin diseases and allergies. Near the spa, geological studies have eveales resources of brine with hydrogen sulfide concentration 8-fold larger than in previously discovered springs. It is a world-unique type of mineral water spring.');
insert into POINTS_OF_INTEREST_DETAILS (poi_id, language, name, description) values('084f0339-91a6-4a38-ad9f-fde0aed694b2', 'PORTUGUESE', 'O Baleário Solec-Zdrój', 'A riqueza natural das águas medicinais e o microclima curativo atraem há vários séculos os visitantes poloneses e estrangeiros que querem cuidar da saúde e regenerar as forças. Podem curar nele as doenças do aparato locomotor, reumáticase também as doenças de pele e alergias. Perto do baleário, as investigacões geológicas descobriram águas minerais salgadas com 8 vezes mais conteúdo de sulfeto de hidrogênio, comparandoàs fontes exploradas até agora. É a única tomada de água desde tipo em todo o mundo.');
insert into POINTS_OF_INTEREST_DETAILS (poi_id, language, name, description) values('084f0339-91a6-4a38-ad9f-fde0aed694b2', 'SPANISH', 'El balneario Solec-Zdrój ', 'Desde los siglos la riqueza de las aguas medicinales y el microclima curativo atraen los visitantes de toda Polonia y de extranjero que quieran cuidar de salud activamente, regenerar sus fuerzas. Se cura aquí las enfermedades de sistema locomotor  y los dolores reumáticos, así como las enfermedades de la piel y las alergias. Cerca del balneario los estudios geológicos encontraron la salmuera con el contenido de sulfuro de hidrógeno ocho veces más grande que en los fuentes descubiertos. Es el agua único mineral en este tipo en el mundo. ');
insert into POINTS_OF_INTEREST_DETAILS (poi_id, language, name, description) values('084f0339-91a6-4a38-ad9f-fde0aed694b2', 'FRENCH', 'Station thermale Solec-Zdrój', 'Les ressources naturelles riches en eaux médicinales et le microclimat thérapeutique depuis des siècles attirent les baigneurs de toute la Pologne et de l’étranger souhaitant de façon active veiller à leur santé et régénerer leurs forces. La station se spécialise dans le traitement des maladies de l’appareil locomoteur, de la peau, des rhumatismes et des allergies. Tout près de la station de cure lors d’une exploration géologique fut découverte la solution saline dont la teneur en acide sulfhydrique est 8 fois supérieure à celles déjà exploitées. C’est l’une des plus rares sources de ce type  d’eaux minérales au monde.');
insert into POINTS_OF_INTEREST_DETAILS (poi_id, language, name, description) values('084f0339-91a6-4a38-ad9f-fde0aed694b2', 'RUSSIAN', 'Uzdrowisko Solec-Zdrój', 'Натуральные богатства лечебных вод и целительный  микроклимат уже от веков привлекает курортников со всей Польши и с заграницы, стремящихся активно позаботиться о здоровье, восстановить свои силы. Лечатся здесь,как болезни органов движения и ревматические , так и болезни кожи и аллергии. Вблизи курорта в результате переведённых геологических исследований найдено  рассол ,содержание  сероводорода в котором  больше восьмикрат превышает,чем у   до сих пор эксплуатируемых источников. Это уникальный каптаж минеральных вод такого  типа в мире.');

insert into POINTS_OF_INTEREST (id_poi, latitude, longitude, category_id, city_id, version) values('d4420fbd-dc93-4d1c-ab72-97c776a9a3b1', 50.3989964, 21.041313, '3fb4eabb-33e4-4976-9d7d-4ce223aa5a16', '4154d988-03bd-11e6-b512-3e1d05defe78', 0);
insert into POINTS_OF_INTEREST_DETAILS (poi_id, language, name, description) values('d4420fbd-dc93-4d1c-ab72-97c776a9a3b1', 'POLISH', 'Europejskie Centrum Bajki im. Koziołka Matołka w Pacanowie', 'Zbudowany z myślą o najmłodszych obiekt swym wyglądem przypomina dziecięce babki z piasku. Posiada: muzeum, bibliotekę z czytelnią, salę kinową i teatralną, pracownie-warsztaty, księgarnie, sklep z pamiątkami i kawiarnię. Największym powodzeniem cieszy się jednak multimedialna i interaktywna wystawa "Bajkowy Świat". Można tu dotknąć eksponatów, odkryć co zawierają szuflady, zajrzeć "w głąb ściany." Przewodnicy Dzwoneczek, Piotruś Pan czy Królewna Śnieżka prowadzą dzieci przez niepowtarzalne i magiczne strefy m.in.: Mysią Dziurę, Pałacowy Korytarz czy też Zaczarowany Dworzec Koziołka Matołka. W "Skarbnicy Bajek" umieszczone są szklane kule, w których można poznać bajki z różnych krajów świata. Natomiast w "Czarodziejskim Ogrodzie" napotkamy Calineczkę śpiącą w kwiatowym kielichu. Nie lada atrakcją jest multimedialny Bajkowy Pociąg urządzony w stylistyce Orient Expressu. Co roku w Pacanowie w czerwcu odbywa się Festiwal Kultury Dziecięcej.');
insert into POINTS_OF_INTEREST_DETAILS (poi_id, language, name, description) values('d4420fbd-dc93-4d1c-ab72-97c776a9a3b1', 'GERMAN', 'Koziołek Matołek Europäisches Märchenzentrum in Pacanów', 'Erbaut für die Jüngsten ähnelt dieses Objekt kindlichen Sandkuchen. Es verfügt über: ein Museum, eine Bibliothek mit einem Leseaal, ein Kino und Theater, Werkstätte, eine Buchhandlung, einen Souvenirshop und ein Cafe. Den größten Erfolg feiert jedoch die multimediale und interaktive Ausstellung Märchenwelt. Hier können Sie Exponate berühren, entdecken, was in Schubladen enthalten ist und "durch die Wand" hindurchsehen. Die Führer Tinker Bell, Peter Pan oder Schneewitchen führen die Kinder durch eine einzigartige und magische Gegend: das Mauseloch, den Palastflur oder den magischen Bahnhof des Koziołek Matołek. In der "Märchenschatzkammer" sind  Glaskugeln untergebracht, in denen man Märchen aus der granzen Welt kennenlernen kann. Im "Zaubergarten" begegnen wir hingegen Däumelinchen, die in einem Blütenkelch schläft. Ein echtes Highlight ist der multimediale Märchenzug, eingerichtet im Stil des Orient Expresses. Jades Jahr im Juni findet in Pacanów das Kinderkulturfestival statt.');
insert into POINTS_OF_INTEREST_DETAILS (poi_id, language, name, description) values('d4420fbd-dc93-4d1c-ab72-97c776a9a3b1', 'ENGLISH', 'The Koziołek Matołek (Matołek the Billy-Goat) European Fairy Tale Centre in Pacanów', 'Built for the youngest, the object resembles sandcastles build by children. It has a museum, library with a reading room, cinema and theater, workshop, bookstore, gift shop and a cafe. The biggest attraction however is a multimedia interactive exhibition called "The World of Fairystales". You can touch the exhibits, discover what is hidden inside the drawers or look "into the wall". The guides - Tinker Bell, Peter Pan and Snow White lead the children through all the amazing magical zones: The Mousehole, Palace Hall or Koiołek Matołek Enchanted Train Station. Inside the "Treasury of Fairy Tales" there are glass spheres in which you can watch cartoons from around the world, while in "The Magic Garden" you encounter Thumbelina sleeping in a flower calyx. The multimetia Fairytale Train decorated in the Orient Express style in another attaction. Evey year in June the Festival of children''s Culture takes place in Pacanów.');
insert into POINTS_OF_INTEREST_DETAILS (poi_id, language, name, description) values('d4420fbd-dc93-4d1c-ab72-97c776a9a3b1', 'PORTUGUESE', 'O Centro Europeu do Conto de Koziołek Matołek (o Bode Matołek) de Pacanów', 'Foi construído para os menores. O objeto recorda os castelos de areia feitos pelas crianças. No centro encontra-se o museu, a biblioteca com a sala de leitura, o cinema e o teatro, as oficinas, as livrarias, as lojas de souvenirs e a cafeteria. O que mais interessa é a exposição mutimídia e interativa "O Mundo Fabuloso", onde pode-se tocarnos objetos expostos, descobrir o que contêm as gavetas e olhar "ao fundo da parede". Os guias: a Tinker Bell (Sininho), o Peter Pan e a Branca de Neve acompanham as crianças pelas zonas mágicas, entre outras, como o Buraco do Rato, o Corredor do Palácio e a Estação Enfeitiçada do Koziołek Matołek. No "Tesouro dos Contos" ficam colocadas bolas de cristal das quais se pode conhecer os contos dos diferentes países do mundo. No "Jardim Mágico" encontramos "A Polegarzinha" que dorme no recipiente floral. O "Trem Fabuloso" multimídia, que parece Expresso do Oriente é outra atração. Todos os anos em Pacanów aconteceo Festival da Cultura Infantil.');
insert into POINTS_OF_INTEREST_DETAILS (poi_id, language, name, description) values('d4420fbd-dc93-4d1c-ab72-97c776a9a3b1', 'SPANISH', 'El centro de cuento europea de Koziołek Matołek en Pacanów', 'Construido por los niños, el objeto recuerda a los polvorones. El contiene: el museo, la biblioteca con sala de lectura, cine y teatro, talleres, librerías, tiendas con recuerdos y cafetería. La más gran atracción es la exposición multimedia e interactiva “El mundo fabuloso”. Se puede tocar aquí a los objetos expuestos, descubrir lo que está  en los cajones y mirar al fondo de la pared. Los guías: Campanilla, Peter Pan o Blancanieves acompañan a los niños a través de las zonas irrepetibles y mágicas entre otros. En Tesorería de cuentas  se ubican unas  bolas vidriosas en cuales se puede aprender a los  cuentos de varios países del mundo. En “el jardín mágico”  podemos encontrar Pulgarcita durmiendo en una copa floral. Una atracción interesante es también el tren fabuloso multimedio decorado en el estilo del  Orient Express. Cada año en Pacanów en junio tiene lugar el festival de la cultura infantil.');
insert into POINTS_OF_INTEREST_DETAILS (poi_id, language, name, description) values('d4420fbd-dc93-4d1c-ab72-97c776a9a3b1', 'FRENCH', 'Centre Européenne de la Fable de Koziołek Matołek [ Chevreau Petit Nigaud] de Pacanów', 'Construit pour les plus jeunes le Centre, par son aspect, ressemble aux pâtés de sable que font les enfants en jouant sur la plage. Le Centre abrite un musée, une bibliothèque avec salle de lecture,  une salle de cinéma et de théâtre, des ateliers, des librairies, une boutique de souvenirs et un café. Mais l’exposition préférée des visiteurs est celle appelée « Monde fabuleux» qui est une exposition multimédia et interactive où on peut toucher les objets, découvrir ce que cachent les tiroirs et voir «l’intérieur du mur». Les guides Clochette, Peter Pan ou Blanche Neige promènent les enfants à travers les zones magiques, entre autres: trou de souris, couloir de palais ou gare enchantée de Chevreau  Nigaud. Et dans le «Trésor des fables» il y a des boules en verres avec des fables de différents pays du monde, dans le «Jardin féerique» nous rencontrerons la Petite Poucette dormant sur un calice de fleur. Encore une autre attraction c’est le train fabuleux multimédia aménagé  à l’instar de l’Orient Express. Chaque année en juin à Pacanów se tient le Festival de la Culture Enfantine.');
insert into POINTS_OF_INTEREST_DETAILS (poi_id, language, name, description) values('d4420fbd-dc93-4d1c-ab72-97c776a9a3b1', 'RUSSIAN', '-Empty-', 'Построенный для малышей объект своим видом напоминает детские бабки с песка. Он имеет: музей, библиотеку с читальным залом, кинематографический и театральный зал, лаборатории-мастерские, книжные магазины, магазин с сувенирами и кафе. Самым большим успехом пользуется мультимедийная и интерактивная выставка "Сказочный Мир". Можно здесь прикоснуться к  экспонатам, увидеть что содержат выдвижные ящики, заглянуть вглубь стены. Гиды  фея Динь-Динь, Питер Пэн или Белоснежка ведут детей через неповторимые и магические зоны  в том числе : Мышиную Дырку, Дворцовый Коридор или Заколдованный Вокзал Козлика Матолека. В "Сокровищнице Сказок" расположены стеклянные шары, в которых можно узнать сказки с разных стран мира. Зато в "Волшебном Саду" мы встретимься с Дюймовочкой спящей в цветочном бокале. Интересным развлечением является  мультимедийный Сказочный Поезд устроенный в стиле Восточного Экспресса. Каждый год в Пацануве в июне проиходит Фестиваль Детской Культуры.');

insert into POINTS_OF_INTEREST (id_poi, latitude, longitude, category_id, city_id, version) values('e704f95c-90cb-4b7c-bb87-bf30d2a4fd3b', 50.639118, 20.3020989, '3fb4eabb-33e4-4976-9d7d-4ce223aa5a16', '4154d988-03bd-11e6-b512-3e1d05defe78', 0);
insert into POINTS_OF_INTEREST_DETAILS (poi_id, language, name, description) values('e704f95c-90cb-4b7c-bb87-bf30d2a4fd3b', 'POLISH', 'Muzeum im. Przypkowskich w Jędrzejowie', 'Muzeum zegarów, przyrządów do mierzenia czasu (klepsydry, zegary ogniowe, mechaniczne) oraz przyrządów astronomicznych. Uznaje się, iż jest to trzeci taki zbiór na świecie po Oxfordzie i Chicago.');
insert into POINTS_OF_INTEREST_DETAILS (poi_id, language, name, description) values('e704f95c-90cb-4b7c-bb87-bf30d2a4fd3b', 'GERMAN', 'Przypkowski Museum in Jędrzejów', 'Museum der Uhren, Gnomonikinstrumente, einer Vielzahl von zeitmessenden (Sanduhren, Kerzenuhren, mechanische Uhren) sowie astronomischen Instrumenten. Es wird anerkannt, dass es die dritte derartige Sammlung in der Welt ist, gleich nach Oxford und Chicago. ');
insert into POINTS_OF_INTEREST_DETAILS (poi_id, language, name, description) values('e704f95c-90cb-4b7c-bb87-bf30d2a4fd3b', 'ENGLISH', 'Przypkowski Family Museum in Jędrzejów', 'A museum of clocks, gnomonic intruments, various instruments for measuring time (hourglasses, fire clocks, mechanical clocks) and astronomical instruments. it its consideed to be the third largest collection in the world, next to those in Oxford and Chicago.');
insert into POINTS_OF_INTEREST_DETAILS (poi_id, language, name, description) values('e704f95c-90cb-4b7c-bb87-bf30d2a4fd3b', 'PORTUGUESE', 'O Museu dos Przypkowscy de Jędrzejów', 'O Museu abriga relógiose instrumentos para medir o tempo (ampulhetas, relógios do fogo, mecânicos) e dos instrumentos astronômicos. É considerada a terceira coleção no mundo desde tipo (depois do Oxford e Chicago).');
insert into POINTS_OF_INTEREST_DETAILS (poi_id, language, name, description) values('e704f95c-90cb-4b7c-bb87-bf30d2a4fd3b', 'SPANISH', 'El Museo de Przypkowskich en Jędrzejów ', 'El museo de relojes, instrumentos para medir el tiempo (relojes de arena, relojes de fuego, mecánicos) y otros instrumentos astronómicos. Se considera que esta colección es la tercera colección en el mundo después Oxford y Chicago.');
insert into POINTS_OF_INTEREST_DETAILS (poi_id, language, name, description) values('e704f95c-90cb-4b7c-bb87-bf30d2a4fd3b', 'FRENCH', 'Musée des horloges Przypkowski de Jędrzejów', ' Le musée des horloges, des appareils de mesure du temps (clepsydres, horloges à feu, horloges mécaniques)  et des appareils astronomiques. La collection est classée troisième au monde derrière celles d’Oxford et de Chicago. ');
insert into POINTS_OF_INTEREST_DETAILS (poi_id, language, name, description) values('e704f95c-90cb-4b7c-bb87-bf30d2a4fd3b', 'RUSSIAN', 'Muzeum im. Przypkowskich w Jędrzejowie', 'Музей часов, приборов  для измерения времени (клепсидры, огненные, механические часы) и астрономических приборов. Признано, что это третье такое собрание в мире после Оксфорда и Чикаго.');

insert into POINTS_OF_INTEREST (id_poi, latitude, longitude, category_id, city_id, version) values('00368a28-2e85-453a-859c-ffa5eaa9542e', 50.6751601, 20.1019656, '3fb4eabb-33e4-4976-9d7d-4ce223aa5a16', '4154d988-03bd-11e6-b512-3e1d05defe78', 0);
insert into POINTS_OF_INTEREST_DETAILS (poi_id, language, name, description) values('00368a28-2e85-453a-859c-ffa5eaa9542e', 'POLISH', 'Dworek Mikołaja Reja w Nagłowicach', 'W dworku z ok. 1800 r. znajduje się jedyne w Polsce Muzeum Mikołaja Reja, a także pokoje gościnne i punkt informacji turystycznej. Wystawa przedstawia związki pisarza z tą miejscowością oraz znaczenie jego twórczości dla piśmiennictwa i całej kultury polskiej, zawiera reprodukcje przedstawiające życie i dorobek pisarski Mikołaja Reja.');
insert into POINTS_OF_INTEREST_DETAILS (poi_id, language, name, description) values('00368a28-2e85-453a-859c-ffa5eaa9542e', 'GERMAN', 'Mikołaj Rej Haus in Nagłowice', 'Das Herrenhaus (um 1800) beherbegt das einzige Mikołaj Rej Museum in Polen sowie Zmmer und einen Touristeninformationspunkt. Die Austellung päsentiert die Beziehung des Schiftstellers zu dem Dorf und die Bedeutung seiner Arbeit für die gesamte polonische Literatur und Kultur und enthält Reproduktionen aus dem Leben Wek des Schriftstellers.');
insert into POINTS_OF_INTEREST_DETAILS (poi_id, language, name, description) values('00368a28-2e85-453a-859c-ffa5eaa9542e', 'ENGLISH', 'Mikołaj Rej Manor House in Nagłowice', 'A manor built around 1800 housing the one and only Mikołaj Rej Museum in Poland, there are also guest rooms and a tourist information desk there. The exhibition presents writer''s connections with the town and significance of his work for the literature and culture of Poland, it shows reproductions depicting the life and literatury output of Mikołaj Rej.');
insert into POINTS_OF_INTEREST_DETAILS (poi_id, language, name, description) values('00368a28-2e85-453a-859c-ffa5eaa9542e', 'PORTUGUESE', 'O Solar de Mikołaj Rej em Nagłowice', 'No solar do ano 1800 (aproximadamente) ficao Museu do Mikołaj Rej (o único na Polônia), nele se encontramsalas para os convidados e pontos de informação turística. A exposição apresenta as relações do escritor Mikołaj com este lugar e a importância das suas obras para a literatura e para a cultura polonesa. Contêm as reproduções que apresentam a vida e as obras de Mikołaj Rej.');
insert into POINTS_OF_INTEREST_DETAILS (poi_id, language, name, description) values('00368a28-2e85-453a-859c-ffa5eaa9542e', 'SPANISH', 'Mansión de Mikołaj Rej en Nagłowice', 'La mansión construyó aproximadamenteen el año1800 está situado el único museo de Mikołaj Rej en Polonia y también las habitaciones libres y el punto de la información turística. La exposición presenta las asociaciones del escritor con esta localidad y también la importancia de su creación para la literatura y toda la  cultura polaca, contiene las reproducciones que presentan la vida y la creación artística de Mikołaj Rej.');
insert into POINTS_OF_INTEREST_DETAILS (poi_id, language, name, description) values('00368a28-2e85-453a-859c-ffa5eaa9542e', 'FRENCH', 'Manoir de Mikołaj Rej de Nagłowice', 'Dans le manoir datant d’environ 1800 se trouve l’unique musée en Pologne de Mikołaj Rej ainsi que les chambres d’hôtes et le point d’information touristique. L’exposition témoigne des relations de l’écrivain avec son village ainsi que de l’importance de son oeuvre pour la littérature et la culture polonaises en présentant sa vie et son oeuvre littéraire.');
insert into POINTS_OF_INTEREST_DETAILS (poi_id, language, name, description) values('00368a28-2e85-453a-859c-ffa5eaa9542e', 'RUSSIAN', 'Усадьба Миколая Рея в Нагловице', 'В усадьбе, построенной примерно 1800 г. находится единственный в Польше Музей Миколая Рея, а также гостиные номера и пункт туристической информации. На выставке представлены связи писателя с городком, а также значение его творчества для письменности и всей польской культуры. Выставка содержит репродукции, представляющие жизнь и литературные достижения Миколая Рея.');

insert into POINTS_OF_INTEREST (id_poi, latitude, longitude, category_id, city_id, version) values('504f24ca-5d62-458d-85ba-1dc47f51dca5', 50.7064895, 20.4432232, 'c3851faa-545d-4f98-8a5d-da2f33562993', '4154d988-03bd-11e6-b512-3e1d05defe78', 0);
insert into POINTS_OF_INTEREST_DETAILS (poi_id, language, name, description) values('504f24ca-5d62-458d-85ba-1dc47f51dca5', 'POLISH', 'Zamek Rycerski w Sobkowie', 'Fortalicja w Sobkowie to ciekawe przykład zabezpieczenia XVI-wiecznej posiadłości szlacheckiej. Z wzniesionego przez Stnisława Sobka w latach 1560-1570 kompleksu dworskiego do dziś dnia zachowały się pozostałości murów, trzy baszty, ruiny pałacu oraz zabudowania gospodarcze. Obecnie znajdują się tu pokoje gościnne, czynna jest restauracja z 3 salami, można także skorzystać z przejażdżek konnych i bryczką oaz popływać gondolą po Nidzie.');
insert into POINTS_OF_INTEREST_DETAILS (poi_id, language, name, description) values('504f24ca-5d62-458d-85ba-1dc47f51dca5', 'GERMAN', 'Ritterburg in Sobków', 'Die Festung in Sobków ist ein interessantes Beispiel fürdie Sicherheit des Adels im sechzehnten Jahrhundert. Der von Stanislaw Sobek in den Jahren 1560-1570 errichtete Hopfkomplex erhielt bis heute die Uberreste von Mauren, drei Wehrturmen, Rinen des Palasts sowie landwirtschaftlichen Betriebsgebauden. Derzeit gibt es hier Gastzimmer, ein Restaurant mit 3 Salen, man ann auch Austritte und Kutschfahrten unternehmen und mit der Gndel den Fluss Nida entlangschwimmen.');
insert into POINTS_OF_INTEREST_DETAILS (poi_id, language, name, description) values('504f24ca-5d62-458d-85ba-1dc47f51dca5', 'ENGLISH', 'Knight Castle in Sobkow', 'The Fortalice in Sobkow is an interesting ezamoke of providing safety to a noble residence in the 16''th century. The remains of waa/lls, three towers, ruins of the palace and outbuildings are what was peserved  from the manor complex built by Stanislaw Sobek between 1560 a 1570. Currently it holds guests ooms, and the resstaurants with three halls. There are also horseback adn carriage rides as well as gondolla rides on the Nida River available  to enjoy.');
insert into POINTS_OF_INTEREST_DETAILS (poi_id, language, name, description) values('504f24ca-5d62-458d-85ba-1dc47f51dca5', 'PORTUGUESE', 'O Castelo dos Cavalheiros em Sobków', 'A atalaia de Sobków é um exemplo interessante da proteção de uma propiedade nobre do século XVI.  O solar foi levantado pelo Stanisław Sobek nos anos 1560-1570 e se mantém até hoje em dia os restos dos muros, três torres, as ruínas do palácio e os edifícios agrícolas. Agora se encontram nele as salas para os convidados e um restaurante com mais três salas. Além disso, pode-se passear a cavalo, em carruagens e navegar em uma gôndola no rio Nida.');
insert into POINTS_OF_INTEREST_DETAILS (poi_id, language, name, description) values('504f24ca-5d62-458d-85ba-1dc47f51dca5', 'SPANISH', 'El castillo de caballero en Sobków', 'El fortín en Sobków es un ejemplo interesante de protección a una  propiedad aristócrata del siglo XVI. Los residuos de muros, tres torreones e instalaciones de la finca conservan hasta este día Surgieron del complejo corte elevado por Stanisław Sobek entre los años 1560-1570. Actualmente están situados aquí las habitaciones libres, el restaurante con 3 salas está abierto también se puede disfrutar de equitación y nadar en góndolas por un rio.');
insert into POINTS_OF_INTEREST_DETAILS (poi_id, language, name, description) values('504f24ca-5d62-458d-85ba-1dc47f51dca5', 'FRENCH', 'Château de la chevalerie de Sobków', 'La citadelle de Sobków est un bon exemple de la protection du domaine seigneurial du XVIe siècle. Du domaine érigé par Stanisław Sobek dans les années 1560-1570 ne se sont conservés que les restes des murs, trois donjons, les ruines du palais et les bâtiments de ferme. A présent s’y trouvent les chambres d’hôtes et le restaurant avec 3 salles. On propose aux visiteurs des randonnées à cheval ou en calèche et des promenades en gondole le long de la rivière Nida.');
insert into POINTS_OF_INTEREST_DETAILS (poi_id, language, name, description) values('504f24ca-5d62-458d-85ba-1dc47f51dca5', 'RUSSIAN', 'Рыцарский замок в Собкув ', 'Форталиция в Собкув является интересным примером того, как сохранить дворянскую усадьбу шестнадцатого века. С построенного Станиславом Собком в 1560-1570 дворянского комплекса, по сей день сохранились остатки стен, три башни, руины дворца, а также хоязйственные постройки. В настоящее время здесь находятся гостиные номера, ресторан с тремя залами, можно заниматься верховой ездой, а также плавать на гондоле по реке Нида. ');

insert into POINTS_OF_INTEREST (id_poi, latitude, longitude, category_id, city_id, version) values('4f461e4a-e3c1-467e-bfe7-7407b316704c', 50.8253422, 20.4969372, 'bea734bc-274c-468e-99d6-b87e6ca315c4', '4154d988-03bd-11e6-b512-3e1d05defe78', 0);
insert into POINTS_OF_INTEREST_DETAILS (poi_id, language, name, description) values('4f461e4a-e3c1-467e-bfe7-7407b316704c', 'POLISH', 'Jaskinia "Raj"', 'Najpiękniejsza jaskinia w Polsce, tworząca kompleks korytarzy i komnat, przyozdobiony setkami stalaktytów, stalagmitów, stalagnatów i pizoidów, o różnorodnych kształtach i formach. Specjalnie dla turystów została udostępniona 180-metrowa podziemna trasa turystyczna, zorganizowano wystawę muzealna z odtworzonym obozowiskiem rodziny neandertalskiej oraz szczątkami prehistorycznych zwierząt: mamuta, nosorożca włochatego i niedźwiedzia jaskiniowego. Warto odwiedzić powstałe niedawno Centrum Neandertalczyka, ukazujące życie w epoce lodowcowej.');
insert into POINTS_OF_INTEREST_DETAILS (poi_id, language, name, description) values('4f461e4a-e3c1-467e-bfe7-7407b316704c', 'GERMAN', 'Paradies ( „Raj") Höhle ', 'Die schönste Höhle in Polen, die einen Komplex von Gängen und Kammern bildet, mit Hunderten von Stalagmiten, Stalaktiten, Stalagnaten und Pisoiden in den verschiedensten Formen und Gestalten. Speziell für Touristen wurde eine 180 m lange unterirdische touristische Route zugänglich gemacht und eine Museumsausstellung mit einem rekonstituierten neanderthali-sehen Lagerplatz sowie Überresten von prähistorischen Tie-ren: Mammut, Wolinashorn und Höhlenbären, organisiert. Ein Besuch lohnt sich in dem vor kurzem erbauten Neanderthaler -Zentrum, welches das Leben in der Eiszeit zeigt. ');
insert into POINTS_OF_INTEREST_DETAILS (poi_id, language, name, description) values('4f461e4a-e3c1-467e-bfe7-7407b316704c', 'ENGLISH', 'The cave "Raj" ("Paradise")', 'The most beautiful cave in Poland, forming a complex of passages and chambers, decorated with hundereds of  stalactites, stalagmites, pillars and pisolites of various shapes and forms. A 180-meter underground route ws made available for tourists with an exhibition of a restored camp of a Neanderthal family and the remains of prehistoric animals: mammoth, woolly rhinoceros and cave bear. The recently created Neanderthal Center, showing life in the Ice Age, is also worth visiting.');
insert into POINTS_OF_INTEREST_DETAILS (poi_id, language, name, description) values('4f461e4a-e3c1-467e-bfe7-7407b316704c', 'PORTUGUESE', 'A Caverna "Raj" ("Paraíso")', 'A caverna mais bonita da Polônia forma o complexo dos corredores e das câmaras, decorada com vários estalactites, estalagmites, colunas geológicas e pisólitos que têm formas diversas. Os turistas podem passear por uma rota subterrânea de 180 metros. Também se pode ver uma exposição que apresenta um acampamento restaurado de uma família dos homens de Neandertal e dos restos dos animais pré-históricos: o mamute, o rinoceronte-lanudo e o urso-das-cavernas. Vale a pena visitar o Centro do homem Neandertal, estabelecido há pouco tempo, que apresenta a vida da era do gelo.');
insert into POINTS_OF_INTEREST_DETAILS (poi_id, language, name, description) values('4f461e4a-e3c1-467e-bfe7-7407b316704c', 'SPANISH', 'Cueva "Raj"', 'La cueva más  hermosa en Polonia, donde hay un complejo de pasillos y  cámaras , decorados con cientos de estalactitas , estalagmitas de diferentes formas y tamaños. Especialmente para los turistas se puso para la disposición una ruta subterránea de 180m, se ha organizado una exposición en el museo con el abierto campamento de la familia neandertal y también  los restos de animales prehistóricos : mamut , rinoceronte peludo y oso de cueva. Vale la pena visitar el "Centro de neandertal " que se abrió hace poco, que nos enseña la vida en la época de hielo.');
insert into POINTS_OF_INTEREST_DETAILS (poi_id, language, name, description) values('4f461e4a-e3c1-467e-bfe7-7407b316704c', 'FRENCH', 'Caverne «Raj »(ce qui veut dire « Paradis »)', 'La plus belle des cavernes en Pologne formant une multitude des couloirs et chambres ornés de centaines de très beaux décors karstiques de différentes formes: stalactites, stalagmites, stalagnates et pisoïdes. Pour les touristes il a été spécialement prévu un itinéraire  souterrain d’une longueur de 180 mètres. L’exposition que l’on voit lors de la visite présente le campement d’une famille néandertalienne et les restes d’animaux préhistoriques:   mamouthe,  rhinocéros poilu et ours des cavernes. Il est aussi intéressant de visiter le Centre du  néandertalien présentant sa vie durant la période glacière.');
insert into POINTS_OF_INTEREST_DETAILS (poi_id, language, name, description) values('4f461e4a-e3c1-467e-bfe7-7407b316704c', 'RUSSIAN', 'Пещера “Рай”', 'Самая красивая пещера в Польше, образующая комплекс коридоров и залов, украшенный сотнями сталагмитов, сталактитов, сталагнатов и пизоидов различных форм и видов. Специально для туристов предоставили 180-метровый подземный туристический маршрут, организовали музейную выставку с реконструированным лагерем семьи неандертальца и останками доисторических животных: мамонта, шерстистого носорога и пещерного медведя. Стоит посетить недавно созданный Центр неандертальца, показывающий жизнь в ледниковый период.');

insert into POINTS_OF_INTEREST (id_poi, latitude, longitude, category_id, city_id, version) values('9f3af384-d656-4d36-961c-d97b6027eb10', 50.7980644, 20.457247, 'c3851faa-545d-4f98-8a5d-da2f33562993', '4154d988-03bd-11e6-b512-3e1d05defe78', 0);
insert into POINTS_OF_INTEREST_DETAILS (poi_id, language, name, description) values('9f3af384-d656-4d36-961c-d97b6027eb10', 'POLISH', 'Zespół Pałcowo-Parkowy w Podzamczu Chęcińskim', 'Dwór z XVII wieku zbudowany przez Starostę Chęcińskiego w miejscu dawnego folwarku. Rozbudowany w latach 1673-1674 o pałacyk w stylu willi włoskiej wraz z ogrodami. Wnętrze utrzymane w barokowym klimacie. Prz zespole pałacowym ozdobna brama wjazdowa, wzniesiona w formie luku triumfalnego, według legend - na przywitanie króla Jana III Sobieskiego. Obecnie, po renowacji, siedziba Regionalnego Centrum Naukowo-Technologicznego.');
insert into POINTS_OF_INTEREST_DETAILS (poi_id, language, name, description) values('9f3af384-d656-4d36-961c-d97b6027eb10', 'GERMAN', 'Schloss- und Parkkomplex in Podzamcze Chęcińskie', 'Der Hof aus dem siebzehnten Jahrhundert wurde durch den Starosten in Chęciny, anstelle des alten Vorwerks erbaut. In den Jahren 1673-1674 wurde er um ein Schloss im Stil einer italie-nischen Villa mit Garten erweitert. Das Interieur ist in einer barocken Atmosphäre erhalten. An der Schlossanlage wurde ein geschmücktes Tor in Form eines Triumphbogens errichtet, der Legende nach um König Jan III Sobieski willkommen zu heißen. Jetzt, nach der Renovierung, ist es der Sitz des regiona-len Zentrums für Wissenschaft und Technologie');
insert into POINTS_OF_INTEREST_DETAILS (poi_id, language, name, description) values('9f3af384-d656-4d36-961c-d97b6027eb10', 'ENGLISH', 'Palace and Park Complex in Podzamcze Chęcińskie', 'A 17th century Mansion  built by the Governour of Checiny at former farm. It was expanded in the years 1673-1674 of with the palace in the style of an Italian villa with gardens and the  interiors in the Baroque style. An ornamental gate in the form of a triumphal arch was built near the palace to greet the King Jan III Sobieski, as the legend says. Now, after restoration, the headquarters of the Regional Centre for Science and Technology.');
insert into POINTS_OF_INTEREST_DETAILS (poi_id, language, name, description) values('9f3af384-d656-4d36-961c-d97b6027eb10', 'PORTUGUESE', 'O Complexo do Palácio e Parque em Podzamcze Chęcińskie', 'A corte do século XVII foi construído pelo Governador de Chęciny, no sítio de uma granja antiga. Nos anos de 1673-1674 o palacete foi edificado no estilo de uma vila italiana com os jardins. O interior é mantido no estilo barroco. Ao lado do complexo fica um portão decorativo em forma de um arco triunfal, segundo as lendaspara cumprimental ao rei Jan III Sobieski. Atualmente, depois da renovação, abriga a sede do Centro Regional da Ciência e Tecnologia. ');
insert into POINTS_OF_INTEREST_DETAILS (poi_id, language, name, description) values('9f3af384-d656-4d36-961c-d97b6027eb10', 'SPANISH', 'Equipo del Palacio y del Parque en Podzamczu Chęcińskim', 'La corte del siglo XVII fue construido por gobernador Chęciński en el sitio de la vieja granja. Fue extendido en los años 1673-1674 en estilo de chalet Italiano con los jardines. El interior fue mantenido en el clima barraco .Al lado del palacio encontramos la decorada puerta de entrada, construida en forma de arco triunfal, según las leyendas- para dar la bienvenida al rey Juan III Sobieski. Hoy en día , después de las reformas, encontramos el sitio del Regional Centro Científico - Tecnológico.');
insert into POINTS_OF_INTEREST_DETAILS (poi_id, language, name, description) values('9f3af384-d656-4d36-961c-d97b6027eb10', 'FRENCH', 'Palais et parc de Podzamcze Chęcińskie', 'Le manoir du XVIIe siècle édifié par le Staroste de Chęciny à l’emplacement d’une ancienne métairie. Le palais construit à l’instar d’une villa italienne avec les jardins date des années 1673 – 1674. L’intérieur est de style baroque. Près du palais se dresse la porte ornée sous forme d’un arc de triomphe, selon la légende pour saluer le roi Jan III Sobieski . A présent, après la rénovation, le palais abrite le Centre régional des sciences et techniques.');
insert into POINTS_OF_INTEREST_DETAILS (poi_id, language, name, description) values('9f3af384-d656-4d36-961c-d97b6027eb10', 'RUSSIAN', '-Empty-', 'Усадьба построена в семнадцатом веке хенцинским старостом на месте бывшего фольварка. Расширенный в 1673-1674 гг. о дворец  в стиле итальянской виллы с садами. Интерьер в стиле барокко. При дворцовом ансамбле находятся декоративные входные ворота, построенные в виде триумфальной арки, согласно легендом - чтобы приветсвовать короля Яна III Собеского. Теперь, после реставрации, здесь находится штаб-квартира Регионального научного-технологического центра.Дворцово-парковый ансамбль- Региональный  научно-технологический центр');


insert into POINTS_OF_INTEREST (id_poi, latitude, longitude, category_id, city_id, version) values('7471c087-f8e8-4a18-9320-c1af90924602', 50.7821793, 20.4629836, '2811d8e1-4938-4b39-84d9-485c738f0308', '4154d988-03bd-11e6-b512-3e1d05defe78', 0);
insert into POINTS_OF_INTEREST_DETAILS (poi_id, language, name, description) values('7471c087-f8e8-4a18-9320-c1af90924602', 'POLISH', 'Centrum Nauki Leonardo da Vinci', 'Centrum Nauki Leonardo da Vinci to obiekt, gdzie młodzież i dzieci mogą przeprowadzać badania naukowe, poznając nauki przyrodnicze, fizykę i chemię. Eksponaty interaktywne znajdują się wewnątrz, ale też na zewnątrz w Ogrodzie Zdarzeń. Sam budynek Centrum Nauki jest unikatowy i oryginalny - dach pokrywa trawa i kwiaty. Centrum Nauki pełni rolę ogólnodostępnego laboratorium, które oferuje szerokie możliwości zachęt do rozwoju, samorealizacji i kreowania postaw proinnowacyjnych. Zarówno młodzież jak i najmłodsi mogą skorzystać z warsztatów artystycznych, na których nie tylko rozwijają zdolności manualne, ale także zapoznają się z nowymi technikami wykorzystywanymi w plastyce. Z kolei nauczyciele mają możliwość wykorzystania nowoczesnych i innowacyjnych metod kształcenia. ');
insert into POINTS_OF_INTEREST_DETAILS (poi_id, language, name, description) values('7471c087-f8e8-4a18-9320-c1af90924602', 'GERMAN', 'Science Centre Leonardo da Vinci', 'Science Centre Leonardo da Vinci is a newly built facility where young people and children can carry out scientific research, and explore fields of natural sciences -  physics and chemistry. Interactive exhibits are both inside the building, and outside in The Garden of Events. The building of The  Science Centre is a unique and original - its roof is covred with grass and flowers. The Science Center serves as a publicly laboratory, that encourages continious development, , self-realisation and promoting pro-innovative attitudes. Themed workshop in Physics and Biology allow youth and the children to carry out scientific experiments and get to know mysteries of the world around them. Both the adolescents and little ones can benefit from art workshops which not ony develop skills but also teach contemporary techniquesused in Art. On the other hand, teachers have the opportunity to apply modern and innovative eaching methods.');
insert into POINTS_OF_INTEREST_DETAILS (poi_id, language, name, description) values('7471c087-f8e8-4a18-9320-c1af90924602', 'ENGLISH', 'Science Centre Leonardo da Vinci', 'Science Centre Leonardo da Vinci is a newly built facility where young people and children can carry out scientific research, and explore fields of natural sciences -  physics and chemistry. Interactive exhibits are both inside the building, and outside in The Garden of Events. The building of The  Science Centre is a unique and original - its roof is covred with grass and flowers. The Science Center serves as a publicly laboratory, that encourages continious development, , self-realisation and promoting pro-innovative attitudes. Themed workshop in Physics and Biology allow youth and the children to carry out scientific experiments and get to know mysteries of the world around them. Both the adolescents and little ones can benefit from art workshops which not ony develop skills but also teach contemporary techniquesused in Art. On the other hand, teachers have the opportunity to apply modern and innovative eaching methods.');
insert into POINTS_OF_INTEREST_DETAILS (poi_id, language, name, description) values('7471c087-f8e8-4a18-9320-c1af90924602', 'PORTUGUESE', 'O Centro da Ciência de Leonardo da Vinci', 'O Centro da Ciência de Leonardo da Vinci é um sítio onde os jovens e as crianças podem realizar investigações e conhecer as ciências naturais, a física e a química. As exposições interativas ficam não só na parte de dentro,mas também fora no Jardim dos Acontecimentos. A edificação do Centro da Ciência é única e original, o telhado está cheio de grama e flores. O Centro da Ciência serve de laboratório que oferece muitas possibilidades do desenvolvimento, da autorealização, da criação e das atitudes inovadoras. Tanto os jovens como a crianças podem aproveitar-se das oficinas artísticas, onde não só desenvolvem as capacidades manuais, mas também conhecem as novas técnicas que se utilizam nas artes plásticas. Os mestres têm a possibilidade de aproveitar modernos e inovadores métodos da aprendizagem.');
insert into POINTS_OF_INTEREST_DETAILS (poi_id, language, name, description) values('7471c087-f8e8-4a18-9320-c1af90924602', 'SPANISH', 'Centro Científico Leonardo da Vinci', 'Centro científico Leonardo da Vinci es un objeto, donde los adolescentes y niños pueden llevar a cabo investigaciones científicas, conocer las ciencias de la natura , física y química. Las exposiciones interactivas se encuentran a dentro , pero también a fuera en el jardín ''Zdarzeń'' (acontecimientos). El edificio del Centro Científico es único y original- en el tejado hay hierba y flores. El Centro científico tiene la función de un laboratorio, que nos ofrece un montón de posibilidades de desarrollo y autorealización.Los adolescentes igual que los más pequeños pueden participar en los talleres artísticos, en los cuales no solo se desarrolla el talento manual sino también se conocen nuevas técnicas para utilizarlas en plástica. Por otra parte los profesores tienen la posibilidad de utilizar métodos modernos y innovadores de educación.');
insert into POINTS_OF_INTEREST_DETAILS (poi_id, language, name, description) values('7471c087-f8e8-4a18-9320-c1af90924602', 'FRENCH', 'Centre de la science Léonard de Vinci', 'Le Centre de la science Léonard de Vinci est un bâtiment où les enfants et adolescents peuvent faire des recherches en se familiarisant avec les sciences naturelles, physique et chimie. Les objets exposés interactifs se trouvent tant à l’intérieur qu’à l’extérieur dans le Jardin des évènements. Le bâtiment est unique et singulier, sa toiture est recouverte de gazon et de fleurs. Le Centre de la science joue le rôle d’un laboratoire libre d’accès qui offre un large spectre de possibilités de développement, d’autoréalisation et de création des attitudes favorables à l’innovation. Dans les ateliers  artistiques, tant les adolescents que les plus jeunes ont la possibilité de développer   leurs capacités manuelles ainsi que de prendre connaissance des nouvelles techniques utilisées dans les arts plastiques et les enseignants, quant à eux,  de faire valoir leurs talents en utilisant de nouvelles et innovantes techniques d’enseignement.');
insert into POINTS_OF_INTEREST_DETAILS (poi_id, language, name, description) values('7471c087-f8e8-4a18-9320-c1af90924602', 'RUSSIAN', 'Центр науки Леонардо да Винчи ', 'Центр науки Леонардо да Винчи это объект, где молодеж и дети могут проводить научные исследования, изучая естественные науки, физику и химию. Интерактивные экспонаты находятся как внутри, так и снаружи-В Саду Событий. Здание Центра науки - само по себе уникальное и оригинальное - крыша покрыта травой и цветами. Центр науки исполняет роль общедоступной лаборатории, которая предлагает широкий спектр возможностей для стимулирования развития, самореализации и создания про-инновационных подходов. Как молодежь, так и дети, могут участвовать в художественных мастерских, на которых не только развивают мануальные способности, но и ознакамливаются с новыми техниками, используемыми в искусстве. С другой стороны, учители имеют возможность использовать современные и инновационные методы обучения.');

insert into POINTS_OF_INTEREST (id_poi, latitude, longitude, category_id, city_id, version) values('78c85774-7b2a-44e7-9a2e-b9dd8b7072a9', 50.7978304, 20.445432, '2811d8e1-4938-4b39-84d9-485c738f0308', '4154d988-03bd-11e6-b512-3e1d05defe78', 0);
insert into POINTS_OF_INTEREST_DETAILS (poi_id, language, name, description) values('78c85774-7b2a-44e7-9a2e-b9dd8b7072a9', 'POLISH', 'Europejskie Centrum Edukacji Geologicznej w Chęcinach', 'Europejskie Centrum Edukacji Geologicznej to nowe miejsce na edukacyjnej i turystycznej mapie regionu. W kompleksie czterech budynków znajdują się: sala audytoryjna, restauracja, pracownie dydaktyczne i laboratoria, m.in. chemiczne, mikroskopowe, komputerowe, geofizyczne, kartowania geologicznego i hydrogeologiczne, część hotelowa oraz zaplecze dla organizowanych konferencji.');
insert into POINTS_OF_INTEREST_DETAILS (poi_id, language, name, description) values('78c85774-7b2a-44e7-9a2e-b9dd8b7072a9', 'GERMAN', 'The European Center of Geoeducation in Chęciny', 'The European Centre for Geological Education is a new place on the educational and tourist map of the region. The complex of four buildings include auditorium, a restaurant, classrooms and teaching laboratories, including chemical, microscopic, computer, geophysical, geological and hydrogeological mapping, part of the hotel and facilities for organized conferences.');
insert into POINTS_OF_INTEREST_DETAILS (poi_id, language, name, description) values('78c85774-7b2a-44e7-9a2e-b9dd8b7072a9', 'ENGLISH', 'The European Center of Geoeducation in Chęciny', 'The European Centre for Geological Education is a new place on the educational and tourist map of the region. The complex of four buildings include auditorium, a restaurant, classrooms and teaching laboratories, including chemical, microscopic, computer, geophysical, geological and hydrogeological mapping, part of the hotel and facilities for organized conferences.');
insert into POINTS_OF_INTEREST_DETAILS (poi_id, language, name, description) values('78c85774-7b2a-44e7-9a2e-b9dd8b7072a9', 'PORTUGUESE', 'O Centro Europeo da Educação Geológica em Chęciny', 'O Centro Europeo da Educação Geológica é um novo sítio no mapa educativo e turístico da região. No complexo de quatro edifícios ficam: um auditório, um restaurante, uma oficina de ensino e os laboratórios, dentre eles: químico, microscópico, computador, geofísico, do mapeamento geológico e hidrogeológico, um hotel e um sítio para organizar as conferências.');
insert into POINTS_OF_INTEREST_DETAILS (poi_id, language, name, description) values('78c85774-7b2a-44e7-9a2e-b9dd8b7072a9', 'SPANISH', 'Centro Europeo de Geografía en Chęcinach', 'El Centro Europeo de Geografía  es un nuevo sitio en  el mapa educativo y turístico de  la región. En el complejo de cuatro edificios se encuentran una sala de auditorio, un restaurante, talleres educativos y laboratorios, entre otros químico, con ordenador, geográfico y hidrogeológico, la parte del hotel y también instalaciones para las conferencias organizadas.');
insert into POINTS_OF_INTEREST_DETAILS (poi_id, language, name, description) values('78c85774-7b2a-44e7-9a2e-b9dd8b7072a9', 'FRENCH', 'Centre européen d’éducation géologique de Chęciny', 'Le Centre européen d’éducation géologique de Chęciny est un nouveau lieu sur la carte éducative et touristique de la région. Le complexe de quatre bâtiments abrite: salle de conférence, restaurant, ateliers didactiques et laboratoires, entre autres: de chimie, d’analyse microscopique, d’ordinateur, de géophysique, d’établissement de cartes géologiques et d’hydrogéologie, hôtel et locaux annexes affectés à l’organisation des conférences.');
insert into POINTS_OF_INTEREST_DETAILS (poi_id, language, name, description) values('78c85774-7b2a-44e7-9a2e-b9dd8b7072a9', 'RUSSIAN', 'Европейский центр геологического образования', 'Европейский центр геологического образования является новым местом на образовательной и туристической карте региона. В комплексе четырех зданий находятся: зрительный зал, ресторан, классы и учебные лаборатории, в том числе химические, микроскопические, компьютерные, геофизические, геологического и гидрогеологического картирования, гостиница и места для проведения конференций.');

insert into POINTS_OF_INTEREST (id_poi, latitude, longitude, category_id, city_id, version) values('51aba31c-2ed0-4f86-9ef6-c73ed62b0223', 50.9574975, 20.4734892, '3fb4eabb-33e4-4976-9d7d-4ce223aa5a16', '4154d988-03bd-11e6-b512-3e1d05defe78', 0);
insert into POINTS_OF_INTEREST_DETAILS (poi_id, language, name, description) values('51aba31c-2ed0-4f86-9ef6-c73ed62b0223', 'POLISH', 'Pałacyk Henryka Sienkiewicza w Oblęgorku', 'Niedaleko Strawczyna mieści się posiadłość polskiego Noblisty - Henryka Sienkiewicza, którą pisarz otrzymał w darze od społeczeństwa w 1900 roku z okazji 25-lecia pracy literackiej. Obecnie w pałacu znajduje się muzeum poświęcone jego życiu i twórczości: mieszkanie pisarza (gabinet, salon, jadania, palarnia, sypialnia i sala wystaw czasowych) oraz wystawa biograficzno-literacka.');
insert into POINTS_OF_INTEREST_DETAILS (poi_id, language, name, description) values('51aba31c-2ed0-4f86-9ef6-c73ed62b0223', 'GERMAN', 'Henryk Sienkiewicz Museum in Oblęgorek', 'In der Nähe von Strawczyn befindet sich das Landgut des polnischen Nobelpreisträgers Henryk Sienkiewicz, das der Schriftsteller als Geschenk von der Gesellschaft im Jahr 1900 erhielt, um den 25. Jahrestag seines literarischen Werkes zu feiern. Heute ist der Palast ein Museum, das seinem Leben und Werk gewidmet ist: die Wohnung des Schriftstellers (Büro, Wohnzimmer, Esszimmer, Raucherzimmer, Schlafzimmer und eine Halle für Wechselausstellungen) sowie eine biografisch-literarische Ausstellung.');
insert into POINTS_OF_INTEREST_DETAILS (poi_id, language, name, description) values('51aba31c-2ed0-4f86-9ef6-c73ed62b0223', 'ENGLISH', 'Henryk Sienkiewicz Palace in Oblęgorek', 'A mension of the Polish Nobel Prize winner - Henyk Sienkiewicz is located near Strawczyn. The writer received it from the society in 1900 as a gift for the  25th anniversary of literary work. Nowdays, the palace hause is a museum dedicated to his life and work: the writer''s flat (office, living room, dining room, smoking room, a bedroom and a hall for temporary exhibitions) and an exhibition of biographical and literary.');
insert into POINTS_OF_INTEREST_DETAILS (poi_id, language, name, description) values('51aba31c-2ed0-4f86-9ef6-c73ed62b0223', 'PORTUGUESE', 'O Palacete de Henryk Sienkiewicz em Oblęgorek ', 'Perto de Strawczyn se encontra a residência do vencedor de prêmio Nobel, o polonês Henryk Sienkiewicz. O escritor obteve este prêmio da sociedade em 1900 pela ocasião do 25º aniversário do trabalho literário. Atualmente no palácio há um museu dedicado a vida e a criação do Sienkiewicz, o apartamento do escritor (um gabinete, uma sala de estar, uma sala de jantar, uma sala de fumo e uma sala para as exposições temporais) e uma exposição bibliográfica e literária.');
insert into POINTS_OF_INTEREST_DETAILS (poi_id, language, name, description) values('51aba31c-2ed0-4f86-9ef6-c73ed62b0223', 'SPANISH', 'Palacio de Henryk Sienkiewicz en Oblęgorku', 'No muy lejos de Strawczyn se encuentra  la propiedad del novelista polaco - Henryk Sienkiewicz, la cual el escritor recibió como regalo de parte de los ciudadanos en el año 1900 por la ocasión de sus 25 años de trabajo literario. Hoy en día en el palacio se encuentra un museo dedicado a su vida i su trabajo : el piso del escritor ( oficina, salón, comedor, sitio para fumar, dormitorio y la sala de exposiciones temporales) y también  exposiciones biográficas y literarias.');
insert into POINTS_OF_INTEREST_DETAILS (poi_id, language, name, description) values('51aba31c-2ed0-4f86-9ef6-c73ed62b0223', 'FRENCH', 'Manoir de Henryk Sienkiewicz de Oblęgorek', 'Pas loin de Strawczyn se trouve le domaine de Henryk Sienkiewicz, lauréat polonais du prix Nobel de littérature. C’est  le peuple polonais qui lui eut offert ce domaine en 1900 à l’occasion du 25e anniversaire de son activité littéraire. A présent, le manoir abrite le musée consacré à sa vie et à son oeuvre littéraire: logement de l’écrivain (cabinet, salon, cuisine, fumoir, chambre à coucher)  et salle d’expositions temporaires. ');
insert into POINTS_OF_INTEREST_DETAILS (poi_id, language, name, description) values('51aba31c-2ed0-4f86-9ef6-c73ed62b0223', 'RUSSIAN', 'Дворец Генрика Сенкевича в Обленгорек', 'Неподалеку Стравчина находится собственность польского победителя Нобелевской премии - Генрика Сенкевича, которую писатель получил в подарок от общества в 1900 году с 25-й годовщины литературного творчества. В настоящее время в дворце находится музей, посвященный его жизни и творчеству: дом писателя (офис, гостиная, столовая, номер для курящих, спальня и зал для временных выставок) и выставка биографическо-ллитературная.');

insert into POINTS_OF_INTEREST (id_poi, latitude, longitude, category_id, city_id, version) values('c1c66e67-5bd6-43db-8a05-a25a66f7b367', 50.859454, 21.05091, '0ed762f6-b801-4d64-b0b0-53cf24871c23', '4154d988-03bd-11e6-b512-3e1d05defe78', 0);
insert into POINTS_OF_INTEREST_DETAILS (poi_id, language, name, description) values('c1c66e67-5bd6-43db-8a05-a25a66f7b367', 'POLISH', 'Klasztor na Świętym Krzyżu', 'Klasztor pobernardyński na szczycie góry Łysiec w sercu Gór Świętokrzyskich to niezaprzeczalna wizytówka Regionu Świętokrzyskiego. Przechowywane są w nim Relikwie Drzewa Krzyża Świętego. Oprócz klasztor można zobaczyć tu unikatowe rumowiska skalne - gołoborza, pozostałości wału kultowego  ok. VIII w., otaczające szczyt góry, Muzeum Misyjne Misjonarzy Oblatów Maryi Niepokalanej oraz Muzeum Przyrodnicze Świętokrzyskiego Parku Narodowego. W 2014r. zakończyły się również prace zmierzające do odbudowy wieży kościelnej, która została udostępniona turystom i pielgrzymom.');
insert into POINTS_OF_INTEREST_DETAILS (poi_id, language, name, description) values('c1c66e67-5bd6-43db-8a05-a25a66f7b367', 'GERMAN', 'Kloster Święty Krzyż', 'Das Benediktinerkloster auf der Spitze des Gipfels Lysiec, im Herzen des Swietokrzyskie Gebirges ist die unbestreitbare Visitenkarte der Swigtokrzyskie Region. Gelagert werden dort Heilig-Kreuz-Reliquien. Neben dem Kloster sehen Sie hier ein einzigartiges Geröll — Blockhalden, die Überreste eines Kult-Walls aus dem achten Jahrhundert, der die Bergspitze umringt, das Museum der Missionare der Oblaten der unbefleckten Maria und das Naturmuseum des AwiQtokrzyslde Nationalparks.');
insert into POINTS_OF_INTEREST_DETAILS (poi_id, language, name, description) values('c1c66e67-5bd6-43db-8a05-a25a66f7b367', 'ENGLISH', 'Monastery on Święty Krzyż Mountain', 'Bernardine monastery on the summit of the Łysiec mountain in the heart of the Świętokrzyskie (Holy Cross)  Mountains is undeniable the pride of the Świętokrzyskie Region. The Holy Cross Wood Relics are kept here.  Apart from the monastery you can see the unique rock rubles also referred to as boulder fields, the remains of the cult site embankment from around the 8th century surrounding the mountain summit, the  Mission Museum of the Oblates of Mary Immaculate and the Natural History Museum of the Swietokrzyski National Park can be seen here. In 2014., reconstruction works to rebuild the church tower ended. The tower is available to tourists and pilgrims.');
insert into POINTS_OF_INTEREST_DETAILS (poi_id, language, name, description) values('c1c66e67-5bd6-43db-8a05-a25a66f7b367', 'PORTUGUESE', 'O Mosteiro de Święty Krzyż', 'O mosteiro bernardino localizado no pico da serra Łysiec no coração das Montanhas Świętokrzyskie (da Santa Cruz) é inegavelmente o orgulho da Região Świętokrzyskie.  Nele se encontram as relíquias da Vera Cruz .  Exceto do mosteiro, se podem ver no lugar as únicas acumulações de blocos de pedras e rochas(gołoborza/rio de pedras), e os restos da terraplanegem do sítio culto do século VIII, que rodeia o cume da motanha, o Museu dos Missionários Oblatos de Maria Imaculada e o Museu Natural do Parque Nacional da Santa Cruz (Świętokrzyski Park Narodowy). Em 2014 acabaram também as obras da construção da torre de igreja, que é disponível para os turistas e os peregrinos. ');
insert into POINTS_OF_INTEREST_DETAILS (poi_id, language, name, description) values('c1c66e67-5bd6-43db-8a05-a25a66f7b367', 'SPANISH', 'Monasterio en Świętym Krzyżu', 'El monasterio Bernardino  en la parte superior de la montaña Łysiec en el corazón de las montañas Świętokrzyskich es la innegable tarjeta comercial de la región Świętokrzyskie. En él se almacenan las reliquias de la Santa Cruz. Además del monasterio también se puede ver  los escombros  de roca - gołoborza, el Museo de los Misioneros Oblatos de María la Inmaculada. y también el Museo Natural del parque nacional świętokrzyski . En el año 2014 se terminaron también las obras de restauración la torre de la iglesia, la cual está a la disposición de los turistas y los peregrinos. ');
insert into POINTS_OF_INTEREST_DETAILS (poi_id, language, name, description) values('c1c66e67-5bd6-43db-8a05-a25a66f7b367', 'FRENCH', 'Le monastère Sainte-Croix', 'L’ancien monastère des bernardins sis au sommet du Mont Chauve au coeur des Monts de la Sainte-Croix  est sans doute une incontournable carte de visite de cette région. Le monastère abrite les reliques du bois de la Sainte Croix. A part le monastère on peut y voir l’éboulis de roches, les restes des remparts de culte du VIIIe siècle entourant le sommet, le Musée missionnaire des oblats de Marie Immaculée et le Musée d’histoire naturelle du Parc national des Monts de la Sainte-Croix. En 2014, le clocher d’église après sa reconstruction fut mis à la disposition des touristes et pèlerins.');
insert into POINTS_OF_INTEREST_DETAILS (poi_id, language, name, description) values('c1c66e67-5bd6-43db-8a05-a25a66f7b367', 'RUSSIAN', 'Монастырь Святого Креста', 'Бывший бенедиктинский монастырь, находящийся на горе Лысец в сердце Свентокшиских гор, является неоспоримой визитной карточкой свентокшиского региона. С 1306 года в монастыре стали храниться реликвии Креста Господня. Кроме монастыря можно здесь увидеть уникальные скальные наносы - курумы - остатки культового вала, ок. 7 в., окружающие гору, Миссионерский музей Облатов Непорочной Марии и Естественный музей свентокшиского национального парка. В 2014 г. завершились работы по восстановлению церковной колокольни, которую открыли для туристов и поломников.');

insert into POINTS_OF_INTEREST (id_poi, latitude, longitude, category_id, city_id, version) values('bc3f8e41-e49b-464e-bbaa-c0b0b3b41f5a', 50.7973848, 20.3265906, 'c3851faa-545d-4f98-8a5d-da2f33562993', '4154d988-03bd-11e6-b512-3e1d05defe78', 0);
insert into POINTS_OF_INTEREST_DETAILS (poi_id, language, name, description) values('bc3f8e41-e49b-464e-bbaa-c0b0b3b41f5a', 'POLISH', 'Park Etnograficzny w Tokarni', 'Powstałe w 1977 roku Muzeum Wsi Kieleckiej jest jedną z największych placówek tego typu w kraju. Główną ekspozycję Muzeum stanowi park Etnograficzny w Tokarni. Zgromadzone na jego terenie zabytkowe obiekty to najciekawsze i najcenniejsze przykłady drewnianej architektury dawnych wsi i miasteczek regionu świętokrzyskiego. Na terenie skansenu działa karczma regionalna "Zapiecek" serwująca m.in. kluchy babuchy, placek Macieja czy michę pierogową.');
insert into POINTS_OF_INTEREST_DETAILS (poi_id, language, name, description) values('bc3f8e41-e49b-464e-bbaa-c0b0b3b41f5a', 'GERMAN', 'Ethnografischer Park in Tokarnia ', 'Das im Jahre 1977 gegründete Kielcener Dorfmuseum ist eines der größten Anlagen seiner Art im Lande. Die Hauptausstellung des Museums stellt der Ethnografiische Park in Tokarnia dar. Die auf seinem Gebiet gesammelten historischen Gebäude sind die interessantesten und wertvollsten Beispiele der Holzarchitektur alter Dörfer und Städte der SwiQtokrzyskie Region. Im Bereich des Freilichtmuseums wird das regionale Gasthaus „Zapiecek" betrieben und serviert u.a. „kluchy babuchy", Kartoffelknödel, „Maciej", Fladen und Piroggenschüssel.');
insert into POINTS_OF_INTEREST_DETAILS (poi_id, language, name, description) values('bc3f8e41-e49b-464e-bbaa-c0b0b3b41f5a', 'ENGLISH', 'Tokarnia Ethnographic Park ', 'Created in 1977, the Kielce Village Museum is one of the countr''s largest facilities of its kind. The main exhibition of the museum is the Ethnographic Park in Tokarnia. Historic buildings located on its territory are the most interesting and valuable examples wooden architecture of old-time villages and towns in the Swiętokrzyskie region. There is a regional inn at the museum by the name "Zapiecek" serving babuchy (noodles) , Placek Macieja (potato cakes)  or micha pieogowa (bowl of dumplings).');
insert into POINTS_OF_INTEREST_DETAILS (poi_id, language, name, description) values('bc3f8e41-e49b-464e-bbaa-c0b0b3b41f5a', 'PORTUGUESE', 'O Parque Etnográfico de Tokarnia', 'O Museu do Povo de Kielce criado em 1977 é um dos maiores sítios deste tipo na Polônia.  A exposição principal do museu é o Parque Etnográfico de Tokarnia. Os objetos antigos acumulados nele são os exemplos mais interessantes e os mais valiosos da arquitetura de madeira dos povos antigos e das cidades pequenas da região świętokrzyskie. No território do museu ao ar livre fica uma pousada regional "Zapiecek" que servem, entre outros, os Kluchy Babuchy (uma espécie de macarrão), o Placek Macieja (uma torta de batatas), ou Micha Pierogowa (a tigela com os pierogi- cozido, originário da Polônia.São pasteis de massa, primeiramente cozidas e depois assadas ou fritas, tradicionalmente recheados com batata, chucrute, carne moída, queijo ou frutas.)');
insert into POINTS_OF_INTEREST_DETAILS (poi_id, language, name, description) values('bc3f8e41-e49b-464e-bbaa-c0b0b3b41f5a', 'SPANISH', 'Parque Etnográfico en Tokarnia', 'Fue creado en el año 1977, es una de las instituciones más grandes de este tipo en todo el país . La principal exposición del museo es el parque Etnográfico en Tokarnia. Coleccionados en su terreno los  monumentos son los objetos  más interesantes y valiosos  ,ejemplos de arquitectura de madera de los anteriores pueblos de la región świętokrzyskiej.En el terreno del parque funciona la taberna ( tipo de restaurante regional ), Zapieciek" que sirve entre otros:  kluchy babuchy, placek Macieja o michę pierogową.');
insert into POINTS_OF_INTEREST_DETAILS (poi_id, language, name, description) values('bc3f8e41-e49b-464e-bbaa-c0b0b3b41f5a', 'FRENCH', 'Parc éthnographique de Tokarnia', 'Créé en 1977, le Musée des villages et bourgs du pays de Kielce est l’un des plus grands musées de ce type en Pologne, son exposition principale est le parc ethnographique où sont représentés en plein air les plus intéressants et les plus précieux exemples de l’architecture en bois des anciens villages et bourgs de cette région. Les visiteurs affamés peuvent se régaler dans un cadre agréable et convivial d’une auberge régionale « Zapiecek »  servant entre autres : des nouilles de mamie, une galette de Maciej [Matthias] ou une grande écuelle de pierogi.');
insert into POINTS_OF_INTEREST_DETAILS (poi_id, language, name, description) values('bc3f8e41-e49b-464e-bbaa-c0b0b3b41f5a', 'RUSSIAN', 'Этнографический парк в Токарния ', 'Основанный в 1977 году Музей келецкой деревнии является одним из самых больших учреждений подобного рода в стране. Основная экспозиция Музея -  Этнографический парк в Токарния. Собранные на территории исторические здания это самые интересные и ценные примеры деревянного зодчества древних деревень и городков свентокшиского региона. На территории музея под открытым небом действует региональный трактир “Запецек”, сервирующий традиционные польские блюда.');

insert into POINTS_OF_INTEREST (id_poi, latitude, longitude, category_id, city_id, version) values('a508c205-e481-4250-8b90-a2e7976a7601', 50.7141514, 21.3083397, 'c3851faa-545d-4f98-8a5d-da2f33562993', '4154d988-03bd-11e6-b512-3e1d05defe78', 0);
insert into POINTS_OF_INTEREST_DETAILS (poi_id, language, name, description) values('a508c205-e481-4250-8b90-a2e7976a7601', 'POLISH', 'Zamek Krzyżtopór w Ujeździe', 'Wzniesiony przez Wawrzyńca Senesa w latach 1631-1644 zamek „Krzyżtopór" w Ujeździe był przed powstaniem Wersalu największą budowlą pałacową w Europie. Fundator tego „palazzo in fortezza" - wojewoda sandomierski Krzysztof Ossoliński chciał olśnić współcześnie mu żyjących. I tak monumentalny zespół pałacowy wbudowany w pięcioboczną bastionową fortecę wzniesiony został na wzór kalendarza. Posiadał tyle okien ile dni w roku, tyle komnat ile tygodni, tyle wielkich sal ile miesięcy oraz baszt Ile pór roku.');
insert into POINTS_OF_INTEREST_DETAILS (poi_id, language, name, description) values('a508c205-e481-4250-8b90-a2e7976a7601', 'GERMAN', 'Schloss Krzyżtopór in Ujazd', 'Das Schloss „Krzyżtopór" in Ujazd, erbaut von Wawrzyniec Senes in den Jahren 1631-1644, war vor der Entstehung des Schlosses Versailles das größte Schlossbauwerk in Europa. Gründer dieses „Palazzo in Fortezza" — der Gouverneur von Sandomierz, Krzysztof Ossolinski, wollte die gegenwärtig lebenden Menschen beeindrucken. Und so wurde die monumentale Schlossanlage in die fiinfeckige bastionische Festung integriert und nach dem Vorbild des Kalenders gebaut. Sie hatte so viele Fenster wie Tage im Jahr, so viele Gemächer wie Wochen, so viele große Hallen wie Monate und so wie viele Türme wie Jahreszeiten. ');
insert into POINTS_OF_INTEREST_DETAILS (poi_id, language, name, description) values('a508c205-e481-4250-8b90-a2e7976a7601', 'ENGLISH', 'Krzyżtopór Castle in Ujazd', 'Built by Wawrzyniec Senes (Laurentius Senes) in the years 1631 - 1644. Until the erection of the palace of Versailles, the castle "Krzyżtopór" in Ujazd was the largest palace in Europe. The intention of the founder of the "palazzo in fortezza" - the Governor of Sandomierz Krzysztof Ossoliński - was to leave its visitors awestruck. The monumental palace complex built into pentagonal bastion fortress was based on calendar. It has as many windows as there are days, as many chambers as there are weeks, as many big rooms as there are months and as many towers as there are seasons in a year.');
insert into POINTS_OF_INTEREST_DETAILS (poi_id, language, name, description) values('a508c205-e481-4250-8b90-a2e7976a7601', 'PORTUGUESE', 'O Castelo Krzyżtopór de Ujazd ', 'O Castelo "Krzyżtopór" de Ujazd, levantado pelo Wawrzyniec Senes nos anos 1631-1644, foi antes da construção de Wersal, a maior edificação dos palácios na Europa. O fundador deste "palazzo in fortezza", o governador de Sandomierz, Krzysztof Ossoliński, quis deslumbrar os visitantes. Deste modo, o complexo dos palácios, integrado na fortaleza pentagonal do tipo bastão foi baseado no calendário.A quantidade de janelas equivale aos dias do ano, as câmaras à quantidade de semanas, os salões grandes ao número de meses e as torres ao número de estações do ano.');
insert into POINTS_OF_INTEREST_DETAILS (poi_id, language, name, description) values('a508c205-e481-4250-8b90-a2e7976a7601', 'SPANISH', 'Castillo de Krzyżtopór en Ujeździe', 'Elevado por Wawrzyńca Senesa en los años 1631-1644 el castillo „Krzyżtopór" en Ujeździe fue antes de la revolución en Wersal la construcción palacial más grande en Europa. El fundador de „palazzo in fortezza" -el gobernador de la provincia sandomierska Krzysztof Ossoliński quería deslumbrar a los ciudadanos. Y así el grupo de esplendidos palacios fue construido en una fortaleza pentagonal , que fue inspirada con el monasterio. Tenía tantas ventanas como días del año, tantas cámaras como semanas, tantas enormes salas como estaciones del año.');
insert into POINTS_OF_INTEREST_DETAILS (poi_id, language, name, description) values('a508c205-e481-4250-8b90-a2e7976a7601', 'FRENCH', 'Château de Krzyżtopór de Ujazd', 'Erigé par Wawrzyniec Senes dans les années 1631-1644 le château Krzyżtopór de Ujazd fut avant la construction du Palais de Versailles le plus grand palais en Europe. Le fondateur de ce «palazzo in fortezza» [palais-forteresse], le Gouverneur de la Province (voïvode) de Sandomierz Krzysztof Ossoliński, voulut éblouir ses contemporains. Le palais situé au centre d’une forteresse pentagonale à   bastions fut construit selon un projet se référant au calendrier, il eut autant de fenêtres que de jours de l’année, autant de chambres que de semaines, autant de grandes salles que de mois et autant de bastions que de saisons.');
insert into POINTS_OF_INTEREST_DETAILS (poi_id, language, name, description) values('a508c205-e481-4250-8b90-a2e7976a7601', 'RUSSIAN', 'Замок Крыжтопор в Уязд', 'Построенный Лоренцо Сенесом в 1631-1644 гг. замок Крыжтопор в Уязд был до момента постройки Версальского дворца самым крупным дворцом в Европе. Основатель дворца в крепости («palazzo in fortezza») - сандомерский воевода Кшиштоф Оссолиньский хотел ослепить этим зданием современных ему людей. И так монументальный дворцовый комплекс, встроенный в пятиугольную бастионную крепость, был построен по образцу календаря. У него было столько окон, сколько дней в году, только комнат, сколько недель, столько больших залов, сколько месяцев и столько башен, сколько времен года.');

insert into POINTS_OF_INTEREST (id_poi, latitude, longitude, category_id, city_id, version) values('24485da8-8699-44c1-b949-7cf6067ec8f6', 51.0155461, 21.5447188, '2811d8e1-4938-4b39-84d9-485c738f0308', '4154d988-03bd-11e6-b512-3e1d05defe78', 0);
insert into POINTS_OF_INTEREST_DETAILS (poi_id, language, name, description) values('24485da8-8699-44c1-b949-7cf6067ec8f6', 'POLISH', 'Bałtowski Kompleks Turystyczny', 'Na około 3-hektarowym obszarze w miejscowości Bałtów kolo Ostrowca Świętokrzyskiego znajduje się Park Jurajski a w nim kilkadziesiąt modeli dinozaurów. Zwiedzanie parku ułatwia specjalnie wytyczona ścieżka a w Muzeum Jurajskim można zobaczyć wiele ciekawych skamieniałości. Dla najmłodszych turystów został przygotowany plac zabaw. Pobyt w Bałtowie uatrakcyjniają spływy tratwami rzeką Kamienną, oferta Ośrodka Jazdy Konnej „W Krainie Koni", „Zwierzyniec Bałtowski", Żydowski Jar a zimową porą profesjonalnie przygotowany wyciąg narciarski „Szwajcaria Bałtowska" i wioska Świętego Mikołaja. Do najnowszych atrakcji zaliczymy szalony przejazd rollercoasterem, jedyne tego typu W Świętokrzyskim kino 5D, prehistoryczne oceanarium , „Sabathówka" z czarownicami, a także „Bałtowski Zapiecek" serwujący dania kuchni regionalnej. ');
insert into POINTS_OF_INTEREST_DETAILS (poi_id, language, name, description) values('24485da8-8699-44c1-b949-7cf6067ec8f6', 'GERMAN', 'Jurassic Park in Baltów', 'Auf einer etwa drei Hektar großen Fläche in der Nähe von Baltöw bei Ostrowiec  Świętokrzyski befindet sich der Jurassic Park mit mehreren Dutzend von Dinosauriermodellen. Der Besuch des Parks wird durch einen speziell angelegten Pfad erleichtert und im Jurassic Museum kann man eine Menge an interessanten Fossilien sehen. Für die jüngsten Besucher gibt es einen Spielplatz. Der Aufenthalt in Baltów wird abwechslungsreicher durch Rafting auf dem Fluss Kamienna, das Angebot der Reitanlage „W Krainie Koni", Baltów Tiergarten, Jüdischer Jar und im Winter durch den professionell vorbereiteten Skilift „Szwajcaria Bałtowska" und das Dorf des Weihnachtsmanns. Zu den neuesten Attraktionen zählt eine verrückte Achterbahnfahrt, das einzige seiner Art 5D Kino in Świętokrzyskie, das prähistorische Ozeanarium sowie „Sabathówka" der Hexen (Hexensabbat).');
insert into POINTS_OF_INTEREST_DETAILS (poi_id, language, name, description) values('24485da8-8699-44c1-b949-7cf6067ec8f6', 'ENGLISH', 'Baltowski Tourist Complex', 'On an approximately 3-hectare area in the town of Bałtów, near Ostrowiec Świętokrzyski, a Jurassic Park is available for visitors, with several dozen models of dinosaurs. A specially marked path guides the tour of the park, and the Jurassic Museum has many interesting fossils on display. A playground was prepared for the youngest visitors. A visit to Bałtów will be made even more attractive by river taft rides, the Horse Riding Center "W Krainie Koni", "Zwierzyniec Bałtowski" (a zoological park) or Żydowski Jar Gewish Ravine). In winter, the atttactions include the professionally prepared ski slope "Szwajcaria Bałtowska" and the village of Santa Claus. The newest attractions include the wild rollercoaster ride, a one of its kind in the Świętokrzyskie 5D cinema, prehistoric oceanarium, "Sabathówka" with witches, as well as "Bałtowski Zapiecek" inn serving regional cuisine.');
insert into POINTS_OF_INTEREST_DETAILS (poi_id, language, name, description) values('24485da8-8699-44c1-b949-7cf6067ec8f6', 'PORTUGUESE', 'O Complexo Turístico de Bałtów ', 'No território de 3 hectares em Bałtów, perto de Ostrowiec Świętokrzyski, fica o Parque dos Dinossauros com várias dezenas de modelos dos dinossauros. O caminho facilita a visita no parque. No Museu dos Dinossauros pode-se ver muitos fósseis interessantes. Para os turistas menores fica preparado o parque infantil. O fluxo da jangada no rio Kamienna, o Centro Hípico "W Krainie Koni" (na terra dos cavalos), "Zwierzyniec Bałtowski" (o parque zoológico), Żydowski Jar (a ravina judia) e, no inverno, a subida mecânica profissional "Szwajcaria Bałtowska" (a Suíça de Bałtów) e a aldeia do Papai Noel fazem a estada ficar mais atrativa em Bałtów. Aparte, Bałtów oferece uma viagem louca em uma montanha russa (a única deste tipo na região Świętokrzyskie), o cinema 5D, o oceanário pré-histórico, "Sabathówka" com as bruxas, e um restaurante "Bałtowski Zapiecek", com os pratos regionais. ');
insert into POINTS_OF_INTEREST_DETAILS (poi_id, language, name, description) values('24485da8-8699-44c1-b949-7cf6067ec8f6', 'SPANISH', 'Complejo Turístico en Bałtów', 'En el territorio de aproximadamente  3 hectáreas en el pueblo de Bałtów cerca de Ostrowiec Świętokrzyski se encuentra el Parque Jurajski y en el decenas de modelos de dinosaurios. Visitar el parque es más fácil gracias a una ruta especial y en Museo Jurajskim se pueden ver fósiles muy interesantes. Para los turistas más jóvenes fue preparado un parque infantil. Además puedes  navegar en balsa  por el rio Kamienna, tienes una oferta en el centro de equitación „W Krainie Koni"(el país de caballos), „Zwierzyniec Bałtowski", Żydowski Jar y en época de invierno hay profesionales telesillas para los esquiadores „Szwajcaria Bałtowska" y en primavera  Świętego Mikołaja(de Papa Noel). Las atracciones más recientes son una montaña rusa, un único cine 5D, un oceanario prehistórico , „Sabathówka" con las brujas, y también „Bałtowski Zapiecek" que sirve platos regionales.');
insert into POINTS_OF_INTEREST_DETAILS (poi_id, language, name, description) values('24485da8-8699-44c1-b949-7cf6067ec8f6', 'FRENCH', 'Complexe de loisirs de Bałtów', 'Le parc jurassique est situé sur un terrain de 3 hectares à Bałtów près de Ostrowiec Świętokrzyski avec quelques dizaines de modèles des dinosaures où la visite se fait sur un itinéraire spécialement conçu. Le Musée Jurassique  nous offre plusieurs fossiles intéressants. Pour les plus jeunes visiteurs fut prévu un terrain de jeu. Les touristes pourront y aussi profiter  des descentes en radeau de la rivière Kamienna, des sports équestres qu’offre le Centre équestre «Au pays des chevaux» et d’autres attractions qu’offrent le « Jardin zoologique de Bałtów » et le Ravin juif et pendant l’hiver les touristes ont à leur disposition un téléski la «Suisse de Bałtów» et le village du Père Noël. Les attractions récentes ce sont les  montagnes russes, le cinéma 5D - le premier de ce type dans la région, le musée océanographique préhistorique, la «Sabathówka» [Sabbat] ainsi que l’auberge «Bałtowski Zapiecek» servant des plats régionaux.');
insert into POINTS_OF_INTEREST_DETAILS (poi_id, language, name, description) values('24485da8-8699-44c1-b949-7cf6067ec8f6', 'RUSSIAN', 'Балтовский туристический комплекс', 'На около 3 гектарах в деревне Балтув недалеко от города Островец Свентокшиский, находится Парк юрского периода, а в нем десятки моделей динозавров. Посещение парка улучшает специально обозначенный путь, а в Музее юры можно увидеть много интересных ископаемых. Для самых маленьких посетителей подготовлена площадка. Пребывание в Балтов более привлекательое, благодаря рафтингу по реке Каменна, предложении Центра верховой езды "В Стране Лошади", "Балтовского зоопарка" “Еврейского Ущеля”, а зимой профессионально подготовленному лыжному буксиру "Балтовская Швейцария" и деревни Святого Миколая. Новейшие достопримечательности это сумасшедшая поездка на американских горках, единственное в своем роде Свентокшиское 5D кино, доисторической аквариум, "Сабатувка" с ведьмами, а также "Балтовский Запецек" подающий блюда региональной кухни.');

insert into POINTS_OF_INTEREST (id_poi, latitude, longitude, category_id, city_id, version) values('ba185930-8ee0-4220-92d2-820f3319e1a2', 50.9725284, 21.4885484, '3fb4eabb-33e4-4976-9d7d-4ce223aa5a16', '4154d988-03bd-11e6-b512-3e1d05defe78', 0);
insert into POINTS_OF_INTEREST_DETAILS (poi_id, language, name, description) values('ba185930-8ee0-4220-92d2-820f3319e1a2', 'POLISH', 'Muzeum Archeologiczne i Rezerwat "Krzemionki"', 'Na terenie rezerwatu archeologicznego znajduje się dobrze zachowany krajobraz nakopalniany oraz znakomicie zrekonstruowana architektura podziemi sprzed 5-4 tys. lat. Specjalnie dla turystów udostępniono blisko 500-metrową podziemną trasę turystyczną przybliżającą techniki wydobywania krzemienia pasiastego. ');
insert into POINTS_OF_INTEREST_DETAILS (poi_id, language, name, description) values('ba185930-8ee0-4220-92d2-820f3319e1a2', 'GERMAN', 'Archäologisches Museum und Reservat „Krzemionki" ', 'Auf dem Feld des archäologischen Reservats findet man eine gut erhaltene Bergwerklandschaft sowie eine perfekt rekonstruierte Unterweltarchitektur, wie vor 5000 - 4000 Jah-ren. Speziell für Touristen wurde eine fast 500m lange unterirdische Touristenroute zur Verfügung gestellt, die die Technik des Feuersteinabbaus näher bringt.');
insert into POINTS_OF_INTEREST_DETAILS (poi_id, language, name, description) values('ba185930-8ee0-4220-92d2-820f3319e1a2', 'ENGLISH', 'Museum of Archeological and Reserve "Krzemionki"', 'Within the archaeological reserve, a well-preserved mining landscape can be seen, as well as the brilliantly reconstructed architecture of the underground from 5 — 4 thousend years ago. Available for tourists is the nearly 500-meter underground tourist route showing the techniques of banded flint extraction. ');
insert into POINTS_OF_INTEREST_DETAILS (poi_id, language, name, description) values('ba185930-8ee0-4220-92d2-820f3319e1a2', 'PORTUGUESE', 'O Museu Arqueológico e a Reserva "Krzemionki"', 'No território da reserva arqueológica fica uma paisagem da mina bem conservada coma arquitetura dos subterrâneos bem reconstruída desde 5 a 4 mil anos. Uma rota turística subterrânea de 500 metros que acerca as técnicas da extração da pedra de isqueiro. ');
insert into POINTS_OF_INTEREST_DETAILS (poi_id, language, name, description) values('ba185930-8ee0-4220-92d2-820f3319e1a2', 'SPANISH', 'Museo Arqueológico y Reserva „Krzemionki"', 'En el terreno de la reserva arqueológica se encuentra un paisaje minario muy bien conservado y también una arquitectura subterránea muy bien reconstruida. Especialmente para los turistas se ha abierto una ruta turística subterránea de casi 500 metros.');
insert into POINTS_OF_INTEREST_DETAILS (poi_id, language, name, description) values('ba185930-8ee0-4220-92d2-820f3319e1a2', 'FRENCH', 'Musée archéologique et Réserve «Krzemionki»', 'La réserve nous offre le paysage d’une ancienne mine de silex bien conservé et l’architecture des sous-sols d’il y a 5-4 mille ans. Pour les touristes il fut prévu un itinéraire souterrain de 500 mètres présentant les techniques d’extraction du silex.');
insert into POINTS_OF_INTEREST_DETAILS (poi_id, language, name, description) values('ba185930-8ee0-4220-92d2-820f3319e1a2', 'RUSSIAN', 'Krzemionki (Археологический музей и заповедник “Кшемионки”)', 'На территори: археологического заповедника хорошо сохранился шахтный ландшафт и  nakopalniany и хорошо реконструированная архитектура подземелья, которому  5-4 тыс. лет. Специально для туристов, доступный почти 500-метровый подземный туристический маршрут, который приближает методы добычи полосотого кремния.');

insert into POINTS_OF_INTEREST (id_poi, latitude, longitude, category_id, city_id, version) values('ccf4af4b-8cca-4ebc-9364-d885b17e4d19', 50.5151804, 20.4704457, 'bea734bc-274c-468e-99d6-b87e6ca315c4', '4154d988-03bd-11e6-b512-3e1d05defe78', 0);
insert into POINTS_OF_INTEREST_DETAILS (poi_id, language, name, description) values('ccf4af4b-8cca-4ebc-9364-d885b17e4d19', 'POLISH', 'Pińczów', 'Pińczów założony przez Kardynała Zbigniewa Oleśnickiego to malowniczo położona miejscowość w sercu Ponidzia. Nazywane jest siedzibą arian — braci polskich. Warto obejrzeć tu Dom na Mirowie zwany drukarnią ariańską, wczesnobarokowy kościół i klasztor reformatów z XVII wieku. Na uwagę zasługują także: renesansowa synagoga z przełomu XVI/XVII w., pałac Wielopolskich a przede wszystkim usytuowana na wzgórzu kaplica św. Anny z 1600 r. zaprojektowana przez Santi Gucciego. Tutaj również zlokalizowana jest stacja Kolejki Wąskotorowej „Ciuchcia Expres Ponidzie". ');
insert into POINTS_OF_INTEREST_DETAILS (poi_id, language, name, description) values('ccf4af4b-8cca-4ebc-9364-d885b17e4d19', 'GERMAN', 'Pińczów', 'Pińczów, gegründet vom Kardinal Zbigniew Olegnicki, ist eine malerisch gelegene Stadt im Herzen der Ponidzie. Man nennt sie den Sitz der Arianer—polnischer Brüder. Sehenswert sind das Miröw Haus, die sog. Arianische Druckfabrik, die frühbarocke Kirche und das Kloster der Reformatoren aus dem siebzehnten Jah-rhundert Ebenfalls bemerkenswert: die Renaissance-Synagoge aus der Wende des sechzehnten / siebzehnten Jahrhunderts, der Wielopolscy Palast und vor allem, die auf einem Hügel gelegen Kapelle der hl.  Anna aus dem Jahr 1600, entworfen durch Santi Gucci. Hier ist auch die Bahnstation der Schmalspurbahn „Ciuchcia Expres Ponidzie" vorzufinden.');
insert into POINTS_OF_INTEREST_DETAILS (poi_id, language, name, description) values('ccf4af4b-8cca-4ebc-9364-d885b17e4d19', 'ENGLISH', 'Pińczów', 'Pińczów, a town founded by Cardinal Zbigniew Oleśnicki is beautifully situated in the heart of the Ponidzie region. It is called the domicile of Arians — the Polish Brethren. Worth visiting here are the Mirów house, also called the Arian printing house, an early Baroque church and monastery of the Reformed Franciscano from the 17th century. Also noteworthy are the renaissance synagogue from the turn of the 16''h and 17" century, the Wielopolski Palace and above all, the chapel of St. Anna from 1600 designed by Santi Gucci and situated on a hill. Also herc is The "Ciuchcia Expres Ponidzie" Narrow Gauge Railway station.');
insert into POINTS_OF_INTEREST_DETAILS (poi_id, language, name, description) values('ccf4af4b-8cca-4ebc-9364-d885b17e4d19', 'PORTUGUESE', 'Pińczów', 'Pińczów foi estabelecido pelo Cardeal Zbigniew Oleśnicki. É uma cidade situada no coração de Ponidzie chamada a sede dos arianos - a irmandade polonesa. Vale a pena ver nele o Dom na Mirowie (a casa em Mirów - chamada também de imprensa dos arianos), a igreja do Barroco inicial e o mosteiro dos reformadores do século XVII. Além disso, merece atenção: a sinagoga do Renascentismo dos séculos XVI/XVII, o palácio dos Wielkopolscy mas, sobretudo, a capela da Santa Ana do ano 1600, situada na colina projetada pelo Santi Gucci. Aí também fica a estação do Trem da Bitola estreita "Ciuchcia Expres Ponidzie". ');
insert into POINTS_OF_INTEREST_DETAILS (poi_id, language, name, description) values('ccf4af4b-8cca-4ebc-9364-d885b17e4d19', 'SPANISH', 'Pińczów', 'Pińczów creado por el Cardinal Zbigniew Oleśnicki es un pueblo pintoresco en el corazón de Ponidzia.Es llamado sede de los arian- hermanos polacos. Vale la pena visitar la Casa en Mirowie llamado imprenta de los arias, la iglesia de estilo barroco  y el monasterio de los reformistas del siglo XVII. La atención también merecen : la sinagoga de renacimiento de entre los siglos XVI/XVII, el palacio Wielopolskich y sobre todo situada en la parte superior de la montaña a capilla de Santa Anna del año 1600 diseñada por Sanri Gucciego. Aquí también está ubicada la estación  Kolejki Wąskotorowej „Ciuchcia Expres Ponidzie". ');
insert into POINTS_OF_INTEREST_DETAILS (poi_id, language, name, description) values('ccf4af4b-8cca-4ebc-9364-d885b17e4d19', 'FRENCH', 'Pińczów', 'La ville créée par le cardinal Zbigniew Oleśnicki est située au coeur d’une pitoresque vallée de Nida. Elle est appelée siège des ariens. Les touristes peuvent y voir la Maison de Mirów dénommée l’imprimerie calviniste, l’église baroque et le monaster des réformés du XVIIe siècle. Les touristes devront porter aussi leur attention à la synagogue Renaissance construite fin XVIe et début XVIIe siècle, au palais de Wielopolski et avant tout à la chapelle de Sainte Anne bâtie en 1600  et conçue par Santi Gucci. Pińczów est le terminus du chemin de fer à voie étroite «Ciuchcia Expres Ponidzie».');
insert into POINTS_OF_INTEREST_DETAILS (poi_id, language, name, description) values('ccf4af4b-8cca-4ebc-9364-d885b17e4d19', 'RUSSIAN', 'Pińczów', 'Любовь является тем, что несет, поднимает в верх - ксендз Иосиф Тишнер. Открытие выставки посвященной кс. проф. ИосифуТишнеру.   Пиньчув - город основан кардиналом Збигевом Олесницким, находящийся в сердце региона Понидзе. Его зовут местонахождением ариан - польских братьев. Стоит здесь посмотреть Дом на Мирове, называемый арианской типографией, церков и монастырь реформатов, построенный в XVII веке в стиле раннего барокко. Внимания заслуживают также: ренессансная синагога построенная на рубеже XVI/XVII вв., дворец Велопольских, а прежде всего часовня святой Анны (1600 г.), расположенная на холме, согласно проекту Санти Гуччи. Здесь находится также станция узкоколейной железной дороги “чу - чу экспресс Понидзе”.');

insert into POINTS_OF_INTEREST (id_poi, latitude, longitude, category_id, city_id, version) values('248bf2c7-a62f-4d9a-be1f-085f69796421', 50.6782027, 21.6753999, 'bea734bc-274c-468e-99d6-b87e6ca315c4', '4154d988-03bd-11e6-b512-3e1d05defe78', 0);
insert into POINTS_OF_INTEREST_DETAILS (poi_id, language, name, description) values('248bf2c7-a62f-4d9a-be1f-085f69796421', 'POLISH', 'Sandomierz', 'Sandomierz to miasto z zachowanym średniowiecznym układem urbanistycznym, z pozostałościami murów obronnych, Bramą Opatowska, renesansowym ratuszem w centrum miasta i zamkiem kazimierzowskim nad Wisłą. Wśród ponad setki obiektów zabytkowych na szczególną uwagę zasługują: kościół św. Jakuba jeden z najstarszych w Polsce ceglanych obiektów sakralnych; Dom Długosza — doskonale zachowany przykład gotyckiego domu mieszkalnego oraz 470-metrowa Podziemna Trasa Turystyczna. Ofertę Sandomierza uzupełniają liczące ok. 500 mln lat Góry Pieprzowe oraz les-sowy Wąwóz Królowej jadwigi. Panoramę Sandomierza najlepiej podziwiać z pokła-du statku w trakcie rejsu po Wiśle.');
insert into POINTS_OF_INTEREST_DETAILS (poi_id, language, name, description) values('248bf2c7-a62f-4d9a-be1f-085f69796421', 'GERMAN', 'Sandomierz', 'Sandomierz ist eine Stadt mit gut erhaltenem mittelalterlichen Stadtaufbau, mit den Überresten der Stadtmauer, des Opatowska Tores, des Renaissance-Rathauses ir Zentrum der Stadt und der Burg Kazimierz an der Weichsel. Unter den mehr al Hunderten von historischen Gebäuden sind folgende besonders bemerkenswert: die Kirche des hl. Jakob, eine der ältesten Kirchenbauten aus Backstein in Polen; Diugos Haus—ein gut erhaltenes Beispiel eines gotische] Wohnhauses sowie die 470m lange unterirdrisch Touristenroute. Sandomierz bietet außerdem di rund 500 Millionen Jahre alten Pfeffer-Berge uni die Lössschlucht der Königin Jadwiga. Das Pano rama von Sandomierz kann man am besten vor Deck eines Schiffes, während einer Kreuzfaht auf der Weichsel genießen.');
insert into POINTS_OF_INTEREST_DETAILS (poi_id, language, name, description) values('248bf2c7-a62f-4d9a-be1f-085f69796421', 'ENGLISH', 'Sandomierz', 'Sandomierz is a town with preserved rnedieval urban layout , remnants of the ramparts, the Opatowska Gate, Rennaisance town hall in the city center and the Casimir Castle by the Vistula River. Among over a hundred of historic buildings, the following are especially worth mentioning: the St. jacob Church, one of Poland''s oldest brick sacral buildings; Długosz House — perfectly preserved example of a Gothic residential house and the 470-meter Underground Tourist Route. Moreover, Sandomierz has the 500-million-years-old Pieprzowe Mountains and the loess Gorge of Queen jndwiga. The skyline of Sandomierz looks best when admired from the deck of a ship during a cruise on the Vistula River. ');
insert into POINTS_OF_INTEREST_DETAILS (poi_id, language, name, description) values('248bf2c7-a62f-4d9a-be1f-085f69796421', 'PORTUGUESE', 'Sandomierz', 'Sandomierz é uma cidade com um plano urbanístico medieval conservado, com os restos das muralhas, com a Brama Opatowska (a Porta Opatowska), com a prefeitura renascentista no centro da cidade e com um castelo do Casimiro perto do rio Vístula. Dentre mais de cem monumentos, merecem atenção: a igreja de São Jacob, um dos objetos sacros de tijolo velhos da Polônia; a Casa de Długosz— o exemplo muito bem conservado da casa gótica habitável e uma Rota Turística Subterrâtea de 470 metros. Além disso, em Sandomierz se podem ver as Montanhas Pieprzowe que têm 500 milhões de anos e o Barranco da Rainha Jadwiga de loesse. O panorama de Sandomierz fica mais bonito no bordo do barco, durante travessia por Vístula.');
insert into POINTS_OF_INTEREST_DETAILS (poi_id, language, name, description) values('248bf2c7-a62f-4d9a-be1f-085f69796421', 'SPANISH', 'Sandomierz', 'Sandomierz es una ciudad  con el trazado urbano medieval conservado, con los restos de los muros de defensa, Puerta Opatowska, un ayuntamiento renacentista en el centro de la ciudad y con el castillo kazimierzowskim al lado de Wisła. Entre más de cien monumentos una especial atención se merecen: la iglesia de Santo  Jacob una de las construcciones de ladrillo más antiguas de Polonia; la Casa de Długosz- un perfecto ejemplo de una casa en estilo gótico y también una ruta subterránea de 470 metros. La oferta de Sandomierz es complementada por las montañas Pieprzowe que tienen aproximadamente 500 millones de años. El panorama de Sandomierz  se admira mejor desde el barco en la ruta por el rio Wisła.');
insert into POINTS_OF_INTEREST_DETAILS (poi_id, language, name, description) values('248bf2c7-a62f-4d9a-be1f-085f69796421', 'FRENCH', 'Sandomierz', 'La ville dont la configuration urbanistique médiévale fut très bien conservée: restes de remparts, ancienne porte de la ville Brama Opatowska, hôtel de ville Renaissance au Centre de la ville et château du roi Kazimierz sur la Vistule. Parmi plus d’une centaine de monuments les touristes doivent particulièrement porter leur attention à l’église Saint Jacques, l’un des plus anciens édifices religieux en briques en Pologne, à la Maison de Długosz – l’exemple d’un immeuble habitable gothique très bien conservé et à l’itinéraire souterrain touristique d’une longueur de 470 mètres.  Les collines «Góry Pieprzowe»  comptant environ 500 millions d’années et le défilé de loess de la Reine Edwige complètent l’offre touristique de Sandomierz. Il est préférable de voir le panorama de Sandomierz depuis le bord du bateau lors d’un voyage sur la Vistule.');
insert into POINTS_OF_INTEREST_DETAILS (poi_id, language, name, description) values('248bf2c7-a62f-4d9a-be1f-085f69796421', 'RUSSIAN', 'Sandomierz', 'Сандомир - это город с сохранившейся средневековой городской планировкой, с остатками оборонительных стен, Опатовскими воротами,  ренессансной  ратушей в центре города и замком  Казимира на реке Висла. Среди более сотни исторических зданий особого внимания заслуживают: церковь святого Иакова, один из старейших кирпичных сакральных зданий в Польше; Дом Длугоша - прекрасно сохранившимся образцом готического жилого дома, а также 470-метровый Подземный туристический маршрут. Сандомир предлагает также Пепшовые горы и лессовый овраг Королевы Ядвиги. Панорамой Сандомира лучше всего любоваться из судна во время круиза по реке Висла.');

insert into POINTS_OF_INTEREST (id_poi, latitude, longitude, category_id, city_id, version) values('e48463a7-5902-4f69-8358-8ca191ad81bd', 51.0751883, 21.0130585, 'c3851faa-545d-4f98-8a5d-da2f33562993', '4154d988-03bd-11e6-b512-3e1d05defe78', 0);
insert into POINTS_OF_INTEREST_DETAILS (poi_id, language, name, description) values('e48463a7-5902-4f69-8358-8ca191ad81bd', 'POLISH', 'Klasztor Cysterski w Wąchocku', 'Klasztor w Wąchocku ufundował w 1179 r. biskup krakowski Gedko z rodu Grafitów. Opactwo Cystersów składało się z kościoła i budynków klasztornych, w późniejszych okresach wielokrotnie przebudowanych. Zobaczyć tu można romański kapitularz ze sklepieniem krzyżowo-żebrowym oraz wczesnogotycki refektarz. W krużgankach znajduje się krypta grobowa mjr. Jana Piwnika „Ponurego" — dowódcy Świętokrzyskich Zgrupowań AK.');
insert into POINTS_OF_INTEREST_DETAILS (poi_id, language, name, description) values('e48463a7-5902-4f69-8358-8ca191ad81bd', 'GERMAN', 'Zisterzienserkloster in Wąchock', 'Das Kloster in Wachock wurde im Jahr 1179 durch den Bischof von Gedko aus der Familie Grafici gegründet. Die Zisterzienserabtei bestand aus einer Kirche und Klostergebäuden,  in den Folgejahren mehrmals umgebaut. Hier kann man das romanische Kapitelhaus mit einem Kreuzrippengewölbe und das frühgotische Refektorium sehen. In den Kreuzgängen befindet sich die Krypta des Majors Jan Piwnik dem „Grimmigen" - Kommandant der Swietokrzyskie Gemeinschaft der Polnischen Heimatarmee.');
insert into POINTS_OF_INTEREST_DETAILS (poi_id, language, name, description) values('e48463a7-5902-4f69-8358-8ca191ad81bd', 'ENGLISH', 'Cistercian Monastery in Wąchock', 'A monastery in Wąchock founded in 1179 by Bishop of Kraków Gedko of the Grafici family. The Cistercian abbey consisted of a church and monastery buildings, which later were repeatedly rebuilt. A Romanesque chapter house with cross-ribbed vault and an early-Gothic refectory can be seen here. In the cloister there is a burial crypt of Major Jan Piwnik the “Ponury” — the commander of the Świętokrzyskie groups of the Home Army. ');
insert into POINTS_OF_INTEREST_DETAILS (poi_id, language, name, description) values('e48463a7-5902-4f69-8358-8ca191ad81bd', 'PORTUGUESE', 'O Mosteiro de Ordem de Cister de Wąchock', 'O mosteiro de Wąchock foi fundado em 1179 pelo bispo de Cracóvia- Gedko da famíllia dosGrafici. A abadia de Ordem de Cister é composta por uma igreja e dos edifícios do mosteiro, que depois foram reconstruídos várias vezes. Se pode ver aí a sala do capítulo com a abóbada em cruzaria (elemento característico da arquitetura gótica) e o refeitório gótico inicial. Nos claustros (corredores) ficam a cripta do major Jan Piwnik ”Ponury” — o comandante dos Świętokrzyskie Zgrupowania Armii Krajowej (os Agrupamentos do Exército Nacional da região Świętokrzyskie).');
insert into POINTS_OF_INTEREST_DETAILS (poi_id, language, name, description) values('e48463a7-5902-4f69-8358-8ca191ad81bd', 'SPANISH', 'El monasterio en Wąchock', 'El monasterio en Wąchock fundó en el año 1179  el obispo de Cracovia Gedko de la familia Grafitów. La abadía de los Cisteres estaba formado por una iglesia y edificios del monasterio, en períodos posteriores reconstruidos en varias ocasiones. Aquí se puede ver un capillar románico con una bóveda  de artista y también un refectorio temprano gótico. En los claustros se encuentra la cripta sepulcral del mayor Jan Piwnika „Ponurego" — el comandante de los agrupamientos Świętokrzyskich  del ejército nacional.');
insert into POINTS_OF_INTEREST_DETAILS (poi_id, language, name, description) values('e48463a7-5902-4f69-8358-8ca191ad81bd', 'FRENCH', 'Monastère cysterien de Wąchock', 'Le monastère fut fondé en 1179 par l’évêque de Cracovie Gedko provenant d’une  la famille noble Gryfici. L’abbaye se composait d’une église et de bâtiments monastiques reconstruits ensuite à plusieurs reprises. Parmi les curiosités à voir il faut citer la salle capitulaire romane avec la voûte à croisées d''ogives et le réfectoire du premier gothique. Dans les galeries se trouve la crypte tombale de major Jan Piwnik «Ponury», commandant des troupes de l’Armée Nationale de Sainte Croix.');
insert into POINTS_OF_INTEREST_DETAILS (poi_id, language, name, description) values('e48463a7-5902-4f69-8358-8ca191ad81bd', 'RUSSIAN', 'Цистерцианское аббатство в Вонхоцк - монастырь  в Вонхоцк', 'Монастырь в Вонхоцк был основан в 1179. краковским  епископом Гедко с семьи Графитых. Аббатство цистерсов состояло из церкви и монастырских зданий, в последующие периоды неоднократно перестроеных. Вы можете увидеть здесь романский дом главы с поперечными сводами и раннюю трапезную. В клуатре находится крипта Яна Пивника “Понурого” - командира Свентокшиских группировок Армии Крайовой ');

insert into POINTS_OF_INTEREST (id_poi, latitude, longitude, category_id, city_id, version) values('15e7d912-3b0c-4dd0-ac53-4170c40b49a8', 50.5973175, 21.0986968, 'c3851faa-545d-4f98-8a5d-da2f33562993', '4154d988-03bd-11e6-b512-3e1d05defe78', 0);
insert into POINTS_OF_INTEREST_DETAILS (poi_id, language, name, description) values('15e7d912-3b0c-4dd0-ac53-4170c40b49a8', 'POLISH', 'Zespół Pałacowy w Kurozwękach', 'W drugiej połowie XIV w w Kurozwękach zbudowany został zamek, który w XVIII w uzyskał obecny wygląd barokowo-klasycystycznej rezydencji. Warto zwiedzić wnętrza kurozwęckiego pałacu wraz z piwnicami oraz skorzystać z noclegów w stylowych wnętrzach pałacu, Oranżerii i Oficyny. Niecodzienną atrakcją jest stado bizonów amerykańskich liczące ponad 80 sztuk, które można oglądać z wnętrza wozu „safari bizon", Mini ZOO oraz labirynt w kukurydzy.');
insert into POINTS_OF_INTEREST_DETAILS (poi_id, language, name, description) values('15e7d912-3b0c-4dd0-ac53-4170c40b49a8', 'GERMAN', 'Schlosskomplex in Kurozwęki ', 'In der zweiten Hälfte des vierzehnten Jahrhunderts wurde das Schloss in Kurozwęki gebaut, das im achtzehnten Jahrhundert sein heutiges barockes, klassizistisches Aussehen einer Residenz annahm. Es lohnt sich das Innere des Palastes in Kurozwęki mitsamt Keller zu besichtigen und die Unterkünfte „Orangerie” und „Nebengebäude” im stillvollen Schlossinneren zu nutzen. Eine nicht alltägliche Attraktion ist die Herde von mehr als 80 Amerikanischen Bisons, die man aus dem Inneren des Autos „Safari Bizon” beobachten kann, ein Streichelzoo und ein Maisfeldlabyrinth. ');
insert into POINTS_OF_INTEREST_DETAILS (poi_id, language, name, description) values('15e7d912-3b0c-4dd0-ac53-4170c40b49a8', 'ENGLISH', 'Palace Complex in Kurozwęki', 'In the second half of the 14th century, a castle was built in Kurozwęki, which received its current appearance of a baroque-classical mansion in the 18th century. We recomended that you visit the interior of Palace of Kurozwęki and its cellars and stay overnight in its stylisk interiors, orangery or the outbuilding. An unusual is a herd of over 80 American Buffaloes, which can be seen from the "Safari Bizon" car, a smali zoo and a cornfield maze.');
insert into POINTS_OF_INTEREST_DETAILS (poi_id, language, name, description) values('15e7d912-3b0c-4dd0-ac53-4170c40b49a8', 'PORTUGUESE', 'O Palácio de Kurozwęki', 'Na segunda metade do século XIV em Kurozwęki foi construído um castelo, que no século XVIII conseguiu a aparência atual da residência do barroco- classicista. Os interiores do palácio de Kurozwęki merecem ser visitados junto com oporão, e dormir dentro do palácio da Orangerie e da Oficina. Além disso, os rebanhos dos bisontes-americanos (mais de 80 animais) que podem ser vistos indo em carros chamados "safari bizon", um Mini ZOO e o labirinto em zea são umas atraçõesincomuns.');
insert into POINTS_OF_INTEREST_DETAILS (poi_id, language, name, description) values('15e7d912-3b0c-4dd0-ac53-4170c40b49a8', 'SPANISH', 'Equipo del Palacio en Kurozwękach ', 'En la segunda mitad del siglo XIV en Kurozwękach fue construido un castillo, el cual en el siglo XVII recibió la apariencia barroco y clásica actual. Vale la pena visitar el interior del palacio con los subterráneos y también quedarse a dormir en los estilosos interiores. La rara atracción es la manada de bisontes americanos, los cuales se pueden observar desde el interior del carro  „safari bizon", Mini ZOO  y también un laberinto de maíz.');
insert into POINTS_OF_INTEREST_DETAILS (poi_id, language, name, description) values('15e7d912-3b0c-4dd0-ac53-4170c40b49a8', 'FRENCH', 'Palais de Kurozwęki', 'Dans la seconde moitié du XIVe siècle à Kurozwęki fut érigé le château qui au XVIIIe siècle reçut son aspect actuel d’une résidence de style à la fois baroque et néoclassique. Il est intéressant de visiter les intérieurs et les sous-sols et de passer la nuit dans les intérieurs de style de l’Orangerie et du Pavillon. Les attractions à ne pas rater sont : les troupeau de 80 bisons américains qu’on peut voir de près à partir d’un chariot «safari bison», le mini-parc zoologique et le labyrinthe dans un champ de maïs.');
insert into POINTS_OF_INTEREST_DETAILS (poi_id, language, name, description) values('15e7d912-3b0c-4dd0-ac53-4170c40b49a8', 'RUSSIAN', 'Гостиница в Курозвенки ', 'Во второй половине четырнадцатого века в Курозвенки был построили замок, который в восемнадцатом веке приобрел вид барокко-классического особняка. Стоит посетить интерьер  дворца Курозвенки с подвалом и снять номера в стильном дворце и оранжереи. Необычными достопримечательностями является стадо американский бизонов (более чем 80 штук), которые можно посмотреть изнутри автомобиля "сафари бизон", небольшой зоопарк и лабиринт в кукурузе.');

insert into POINTS_OF_INTEREST (id_poi, latitude, longitude, category_id, city_id, version) values('f9daf45c-7774-4da6-a8db-52bc1faca022', 50.8109791, 19.9050849, '064f805c-c373-41c1-b681-64cf4c651c5c', '4154d988-03bd-11e6-b512-3e1d05defe78', 0);
insert into POINTS_OF_INTEREST_DETAILS (poi_id, language, name, description) values('f9daf45c-7774-4da6-a8db-52bc1faca022', 'POLISH', 'Czarnca', 'Czarnca to najprawdopodobniej miejscowość urodzenia Stefana Czarnieckiego, późniejszego hetmana polnego koronnego. W prezbiterium kościoła Wniebowzięcia NMP i św. Floriana ufundowanego przez Czarnieckiego, znajduje się jego brązowe po-piersie oraz sarkofag. Najwięcej pamiątek kryje jednak kaplica dobudowana w XIX w z obrazem Matki Boskiej z Dzieciątkiem z XVI w pochodzącym z polowego ołtarzyka hetmana. W pobliskiej szkole odwiedzić można Izbę Pamięci Hetmana Stefana Czarnieckiego. ');
insert into POINTS_OF_INTEREST_DETAILS (poi_id, language, name, description) values('f9daf45c-7774-4da6-a8db-52bc1faca022', 'GERMAN', 'Czarnca', '-Empty-');
insert into POINTS_OF_INTEREST_DETAILS (poi_id, language, name, description) values('f9daf45c-7774-4da6-a8db-52bc1faca022', 'ENGLISH', 'Czarnca', 'Czarnca is the most likely the place of birth of Stefan Czarniecki, the future Field Grand Crown Hetman. In the presbytery of the Church of the Assurnption af the Virgiii Mary and St. Florian founded by Czarniecki, his bronze bust and a sarcophagus are kept. Most relics, however are kept in the chapel built in the 19th century, with a painting af the Madonna and Child from the 16'' century, which was an originally a part of the Hetman''s field altar. In the nearby school, the Memorial Room of Hetman Stefan Czarniecki is available for visitors.');
insert into POINTS_OF_INTEREST_DETAILS (poi_id, language, name, description) values('f9daf45c-7774-4da6-a8db-52bc1faca022', 'PORTUGUESE', 'Czarnca', 'Czarnca é provavelmente o sítio onde nasceu o Stefan Czarniecki, que obteve o título de hetmanpolny koronny (uma das funções mais importantes do exército polones da República das Duas Nações). No presbitério da igreja da Assunção de Maria e São Florian, fundado por Czarniecki, fica o busto dele mesmo e um sarcófago. A maior quantidade dos souvenirs se esconde na capela construída no século XIX, que fica o quadro da Madonna e do menino do século XVI que provém do altar camponês do Czarniecki. Na escola próxima pode-se visitar a sala da memória do Hetman Stefan Czarniecki.');
insert into POINTS_OF_INTEREST_DETAILS (poi_id, language, name, description) values('f9daf45c-7774-4da6-a8db-52bc1faca022', 'SPANISH', 'Czarnca', 'Czarnca es probablemente el pueblo de nacimiento de Stefan Czarniecki,  más tarde hetmán de la corona polaca. En el santuario de la iglesia de Asunción y del Santo Florián formado por Czarnieckiego, se encuentra su sarcófago. Pero más recuerdos tienen la capilla construida en el siglo XIX con la imagen de la Madre de Dios con el Niño del siglo XVI. En la escuela cercana se puede visitar la cámara de memoria de Hetmán Stefana Czarnieckiego.');
insert into POINTS_OF_INTEREST_DETAILS (poi_id, language, name, description) values('f9daf45c-7774-4da6-a8db-52bc1faca022', 'FRENCH', 'Czarnca', 'Czarnca est le plus probable lieu de naissance de Stefan Czarniecki, futur grand hetman royal. Dans le presbytère de l’église de l’Assomption de la Sainte Vierge Marie et de Saint Florian fondée par Czarniecki se trouvent son buste en bronze et son sarcophage. Dans la chapelle construite au XIXe siècle on voit le tableau de Notre Dame avec l’enfant Jésus du XVIe siècle provenant de l’autel provisoire de l’hetman. A l’école d’à côté, il y a la salle dédiée à sa mémoire.');
insert into POINTS_OF_INTEREST_DETAILS (poi_id, language, name, description) values('f9daf45c-7774-4da6-a8db-52bc1faca022', 'RUSSIAN', 'Чарнца', 'Вероятно, что в Чарнца родился Стефан Чарнецкий,  будущий гетман польный коронный. В пресвитерии церкви Успения Пресвятой Девы Марии и св. Флориана, основанного Чарнецким, находится его бронзовый бюст и саркофаг. Большинство памяток находится в часовни,  пристроенной в девятнадцатом веке с изображением Девы Марии с младенцем из XVI века, исходящим из полевого алтаря гетмана. В соседней школе можно посетить мемориальную комнату гетмана Стефана Чарнецкого.');

insert into POINTS_OF_INTEREST (id_poi, latitude, longitude, category_id, city_id, version) values('7e23b334-f297-47de-9ac1-1de737acd643', 51.1878267, 20.4121525, '2811d8e1-4938-4b39-84d9-485c738f0308', '4154d988-03bd-11e6-b512-3e1d05defe78', 0);
insert into POINTS_OF_INTEREST_DETAILS (poi_id, language, name, description) values('7e23b334-f297-47de-9ac1-1de737acd643', 'POLISH', 'Zespół Pałacowo-Parkowy w Końskich', 'W centrum Końskich zachowało się jedno z ciekawszych założeń parkowych w Polsce z tzw. mała architekturą ogrodową z II poł. XVIII i I poł. XIX w stulecia. Można tu zobaczyć unikatowy na skalę europejską zabytek nurtu egiptyzującego,l tzw. Oranżerię Egipską z czterema posągami faraonów, Świątynię Grecką, Domek Wnuczętów, altanę, gloriettę i trzy klasyczne bramy wjazdowe połączone niepełnym ogrodzeniem z bajecznymi neogotyckimi basztami.');
insert into POINTS_OF_INTEREST_DETAILS (poi_id, language, name, description) values('7e23b334-f297-47de-9ac1-1de737acd643', 'GERMAN', 'Schloss- und Parkkomplex Tarnowscy in Końskie', 'Im Zentrum von Kofiskie überlebte eine der interessantesten Parkanlagen in Polen mit einer sog. Garten-Kleinarchitektur, aus der zweiten Hälfte des achtzehnten und der ersten Hälfte des neunzehnten Jahrhunderts. Hier kann man ein europaweit einzigartiges Denkmal mit ornamentalischer Tendenz bewundern, die sog. Ägyptische Orangerie mit vier Statuen ägyptischer Pharaone, einen griechischen Tempel, das Haus Wnuczetöw, ein Gartenhaus, eine Gloriete und drei klassische Einfahrtstore, vereint durch einen unvollständigen Zaun mit fabelhaften neugotischen Basteien.');
insert into POINTS_OF_INTEREST_DETAILS (poi_id, language, name, description) values('7e23b334-f297-47de-9ac1-1de737acd643', 'ENGLISH', 'Palace and Park Complex in Końskie', 'In the center of Końskie, one of Poland''s most interesting parks with so-called garden landscape architecture from the second half of the 18th and first half of the 19th century was preserved. It''s attractions include the i on a European stale monument of the the Egyptian movement — the so-callcd Egyptian Hothouse with four statues of Egyptian Pharaohs, Greek Tempie, Grandchildren''s House , a gazebo, a gloriette and three Neoclassical gates with an incomplete fence and its fabulous Neo-Gothic towers.');
insert into POINTS_OF_INTEREST_DETAILS (poi_id, language, name, description) values('7e23b334-f297-47de-9ac1-1de737acd643', 'PORTUGUESE', 'O Complexo de Palácio com o Jardim de Końskie', 'No centro de Końskie se manteve um dos parques mais interessantes da Polôniacom a pequena arquitetura do jardim da segunda metade do século XVIII e a primeira metade do século XIX. Nele, se pode ver o monumentoúnico da Europa da corrente egípcia: a Orangerie Egípcia, com quatro estátuas dos faraós, o Templo Grego, a Casa dos Netos, o gazebo e três portões clássicos conectados com a cerca incompleta com as torres de características neogóticas fabulosas.');
insert into POINTS_OF_INTEREST_DETAILS (poi_id, language, name, description) values('7e23b334-f297-47de-9ac1-1de737acd643', 'SPANISH', 'Equipo del Palacio y del Parque en Końskich', 'En el centro de Końskich se ha conservado uno de los parques más interesantes en Polonia, la llamada pequeña arquitectura de jardín de la segunda mitad del siglo XVIII y primera mitad del siglo XIX. Aquí se puede ver única en la escala europea un monumento del corriente de Egipto: con cuatro figuras de faraones,  el Temple de Grecia,  la Casa Wnuczętów, el cenador,  glorietta y tres clásicas puerta de entrada.');
insert into POINTS_OF_INTEREST_DETAILS (poi_id, language, name, description) values('7e23b334-f297-47de-9ac1-1de737acd643', 'FRENCH', 'Palais et parc de Końskie', 'Au coeur de la ville de Końskie est conservé l’un des plus particuliers aménagements du parc en Pologne de la seconde moitié du XVIIIe siècle et de la première moitié du XIXe siècle: orangerie égyptienne avec quatre sculptures des pharaons, temple grecque, maison des petits enfants, tonnelle, gloriette et trois portes classiques reliées par une clôture incomplète avec donjons néoclassiques.');
insert into POINTS_OF_INTEREST_DETAILS (poi_id, language, name, description) values('7e23b334-f297-47de-9ac1-1de737acd643', 'RUSSIAN', 'Дворцово-парковый ансамбль в Коньске ', 'В центре города Коньске сохранился один из самых интересных парковых комплексов в Польше, с так называемыми малыми садовыми архитекторными формами с второй половины 18 в. и первой половины 19 в. Можно здесь увидеть уникальный в европейском масштабе памятник старины египетского характера и так называемую “египетскую оранжерею” с четырьмя  статуями фараонов, Греческий Храм, Домик внучат, беседку, глориетту,  и три классических ворота, соединенных неполным забором с невероятными неоготическими башнями.');

--End